/*
 Navicat Premium Data Transfer

 Source Server         : local-mysql
 Source Server Type    : MySQL
 Source Server Version : 80039
 Source Host           : localhost:3306
 Source Schema         : fastapi

 Target Server Type    : MySQL
 Target Server Version : 80039
 File Encoding         : 65001

 Date: 16/10/2024 10:26:50
*/

SET NAMES utf8mb4;
SET FOREIGN_KEY_CHECKS = 0;

-- ----------------------------
-- Table structure for artists
-- ----------------------------
DROP TABLE IF EXISTS `artists`;
CREATE TABLE `artists`  (
  `id` int UNSIGNED NOT NULL AUTO_INCREMENT,
  `name` varchar(255) CHARACTER SET utf8mb4 COLLATE utf8mb4_0900_ai_ci NULL DEFAULT NULL COMMENT '艺术家名称',
  `year` varchar(255) CHARACTER SET utf8mb4 COLLATE utf8mb4_0900_ai_ci NULL DEFAULT NULL COMMENT '生卒年',
  `genre` varchar(255) CHARACTER SET utf8mb4 COLLATE utf8mb4_0900_ai_ci NULL DEFAULT NULL COMMENT '艺术家派别',
  `introduction` varchar(255) CHARACTER SET utf8mb4 COLLATE utf8mb4_0900_ai_ci NULL DEFAULT NULL COMMENT '艺术家介绍',
  `background` varchar(255) CHARACTER SET utf8mb4 COLLATE utf8mb4_0900_ai_ci NULL DEFAULT NULL COMMENT '艺术家背景',
  `style` varchar(255) CHARACTER SET utf8mb4 COLLATE utf8mb4_0900_ai_ci NULL DEFAULT NULL COMMENT '艺术家风格',
  `characters` varchar(255) CHARACTER SET utf8mb4 COLLATE utf8mb4_0900_ai_ci NULL DEFAULT NULL COMMENT '作品特点',
  `website` varchar(255) CHARACTER SET utf8mb4 COLLATE utf8mb4_0900_ai_ci NULL DEFAULT NULL COMMENT '艺术家网站',
  PRIMARY KEY (`id`) USING BTREE
) ENGINE = InnoDB AUTO_INCREMENT = 1 CHARACTER SET = utf8mb4 COLLATE = utf8mb4_0900_ai_ci ROW_FORMAT = Dynamic;

-- ----------------------------
-- Records of artists
-- ----------------------------
INSERT INTO `artists` VALUES (1, 'Alfred Sisley', '1839-1899', '印象派', '阿尔弗雷德·西斯莱（Alfred Sisley）是一位英国出生的法国印象派画家，以其精湛的风景画而知名。西斯莱是19世纪印象派运动的重要成员之一，他的作品主要专注于描绘法国乡村的自然风光。', '西斯莱出生于1839年10月30日，在法国巴黎郊区的布洛涅比约科。尽管他在英国出生，但大部分生活和职业生涯都是在法国度过的。西斯莱原本预期会继承家族的商业事业，但最终他选择追随自己对绘画的热爱，进入巴黎的艺术学校学习，其中包括著名的Ecole des Beaux-Arts。', '西斯莱的作品属于印象派，这一流派强调在户外直接作画（即“写生”），并尤其关注光影效果及其在自然中的变化。印象派画家通常使用明亮且分散的笔触来捕捉特定时刻的光线和色彩，西斯莱的风格在这一点上非常典型。', '西斯莱的画作常常描绘塞纳河及其附近的乡村，如《Marly的机器》（1875年）和《洪水期间的圣马梅斯》（1876年）。他的作品以其透明和清新的色调，以及对大自然细微变化的敏感捕捉而著称。西斯莱在描绘雨后的天空和冬日的阳光方面尤为擅长，能够巧妙地表现出气氛和环境的细致变化。', 'https://www.wikiart.org/en/alfred-sisley');
INSERT INTO `artists` VALUES (2, 'Camille Pissarro', '1830-1903', '印象派', '卡米尔·皮萨罗（Camille Pissarro）是一位极具影响力的法国印象派和新印象派画家，出生于1830年7月10日，生于加勒比海的圣托马斯岛，这个岛屿当时是丹麦的殖民地，现今属于美国维尔京群岛。皮萨罗的艺术生涯主要在法国展开，他是印象派运动的创始人之一，并对后来的新印象派也有显著贡献。', '皮萨罗最初在圣托马斯岛长大，后来为了追求艺术的学习，他移居法国并在巴黎的各种艺术学校中接受教育，包括著名的École des Beaux-Arts和Académie Suisse。他与许多其他未来的印象派艺术家一起学习和工作，包括克洛德·莫奈和保罗·塞尚。', '皮萨罗的早期作品主要受到现实主义的影响，但随着时间的推移，他开始采用更为松散和光亮的笔触，这成了印象派的典型风格。晚年，他甚至尝试了新印象派技法，如点彩法（Pointillism），这种技术通过使用色彩的小点来构成整个画面，进一步探索光和色彩的视觉效果。', '皮萨罗的作品通常以其对光线和季节变化的敏感捕捉著称。他的许多画作描绘了法国乡村和城市的日常生活，如《庞图瓦兹街道》（Pontoise的街道）系列和后期的巴黎街景作品。这些画作不仅仅是景观的再现，也体现了皮萨罗对色彩和光线的精湛处理。', 'https://www.wikiart.org/en/camille-pissarro');
INSERT INTO `artists` VALUES (3, 'Caravaggio', '1571-1610', '巴洛克', '米开朗基罗·梅里西，通常被称为卡拉瓦乔（Caravaggio），是意大利巴洛克艺术的先驱者之一，以其戏剧性的使用光影（明暗对比法，或称为\"Chiaroscuro\"）和生动的现实主义风格闻名。卡拉瓦乔的作品具有强烈的情感表达和视觉冲击力，他的革新对后世的艺术家产生了深远的影响。', '卡拉瓦乔出生于1571年，地点可能是意大利的米兰或其附近的小镇卡拉瓦乔，这也是他艺名的来源。他在1592年左右移居罗马，开始了他的艺术生涯。罗马当时是艺术创作的中心，卡拉瓦乔很快就以其具有挑战性的风格和主题获得了名声。', '卡拉瓦乔是巴洛克艺术的代表人物，他的风格主要体现在对光影强烈对比的使用，这一技巧后来被称为“明暗对比”。这种技术不仅增强了作品的视觉冲击力，还加深了画面的情感深度。他的画作通常具有未加修饰的真实感和精确的人物表达。', '卡拉瓦乔的许多作品都是宗教题材，如《马太的召唤》（The Calling of Saint Matthew）、《马太的殉难》（The Martyrdom of Saint Matthew）和《圣母玛利亚的葬礼》（The Entombment of Christ）。这些作品中，光线通常从画面的一侧投射，创造出强烈的光与暗的对比，强调了场景的戏剧性和情感强度。', 'https://www.wikiart.org/en/caravaggio');
INSERT INTO `artists` VALUES (4, 'Claude Monet', '1840-1926', '印象派', '克洛德·莫奈（Claude Monet）是法国印象派运动的开创者之一，他的作品对19世纪后半叶的艺术发展产生了深远的影响。', '莫奈生于1840年11月14日，出生地是法国的巴黎，但他在诺曼底的勒阿弗尔长大。他的艺术生涯始于青少年时期，在家乡的海滨城市勒阿弗尔开始了他的绘画生涯，早期作品多为风景画。', '莫奈的风格代表了印象派的核心理念：捕捉光线和色彩的瞬间变化。他通过在不同时间和不同光线下多次画同一景物来探索视觉感受的微妙变化，这一方法对后来的现代艺术有着深远的影响。莫奈的画作通常不着重细节，而是通过色块和色彩对比来表达光影效果和大气情感。', '莫奈的代表作有《睡莲》系列、《圣马丁岛的草地》、《吉维尼的日本桥》等。他的作品以自然风景为主要主题，尤其擅长水面和花园的描绘，这些画作通常由宽阔的笔触和丰富的色彩层次构成，充满了动态的光影效果。', 'https://www.wikiart.org/en/claude-monet');
INSERT INTO `artists` VALUES (5, 'Edgar Degas', '1834-1917', '印象派', '埃德加·德加（Edgar Degas）是法国印象派画家，雕塑家，以其对人物动态的精准捕捉而著名，尤其是对芭蕾舞者的描绘。', '德加于1834年7月19日出生于法国巴黎。他的家庭富裕，父亲是一名银行家，这为他的艺术学习提供了良好的支持。德加最初学习法律，但后来转向艺术，进入巴黎的著名艺术学校École des Beaux-Arts学习。', '德加的作品虽然常被归类于印象派，但他的风格也显示出强烈的古典主义倾向，尤其是在对人体动态和内部结构的精确描绘上。他热衷于捕捉人物在特定瞬间的动作和表情，这一点在他的舞者系列作品中表现得尤为突出。', '德加最著名的作品集中在对巴黎歌剧院的芭蕾舞者进行描绘，如《舞蹈课》（The Dance Class）和《舞台上的星星》（The Star on Stage）。这些作品不仅展示了舞者在舞台上的优雅姿态，也揭示了幕后的辛勤训练和休息时刻。他对人物的动态捕捉以及光线和阴影的运用，使得画面既生动又具有深刻的情感表达。', 'https://www.wikiart.org/en/edgar-degas');
INSERT INTO `artists` VALUES (6, 'Edouard Manet', '1832-1883', '现实主义', '爱德华·马奈（Édouard Manet）是法国现代艺术的先驱和印象派的前奏者，以其挑战传统主题和技术的作品而著名。', '马奈于1832年1月23日出生于法国巴黎，出身于一个法官家庭，拥有优越的教育背景。尽管家人希望他从事法律或政治领域，马奈还是选择了艺术道路。他曾就读于巴黎的著名艺术学校Académie des Beaux-Arts，早期受到了古典主义画派的影响。', '马奈的作品在风格上显示出强烈的现实主义倾向，与同时期的印象派画家如莫奈和雷诺阿相比，他更加注重形象的清晰性和细节的精确。虽然他与印象派画家们有着密切的个人和专业关系，但马奈从未完全采用他们那种在户外直接作画的方法。', '马奈的代表作包括《奥林匹亚》和《吧台上的女侍》（A Bar at the Folies-Bergère）。《奥林匹亚》由于其大胆的主题和技术，特别是其直白的性暗示和对传统绘画主题的颠覆，引起了极大的争议。而《吧台上的女侍》则展示了他对光影、反射和视角的深刻掌握，这些都是现代绘画技术的前兆。', 'https://www.wikiart.org/en/edouard-manet');
INSERT INTO `artists` VALUES (7, 'Edvard Munch', '1863-1944', '象征主义', '爱德华·蒙克（Edvard Munch）是挪威的画家和版画家，以其表现主义风格和探索深层心理和情感状态的作品而著名。', '蒙克于1863年12月12日出生在挪威的洛腾，他的早年生活充满了病痛和家庭悲剧，这些经历在他的作品中找到了深刻的体现。蒙克的母亲在他五岁时去世，这个早期的丧失对他产生了持久的影响。', '蒙克的艺术风格最初受到印象派和后印象派的影响，但他逐渐发展出一种更为个人化的表现主义风格。他的作品以其表达性的笔触、鲜艳的颜色和情感的直接表达为特点。', '蒙克最著名的作品是《呐喊》，这幅画表达了一种极度的内心恐慌和精神困扰，成为表现主义艺术的象征。此外，他的其他重要作品如《生命之舞》和《吸血鬼》等也同样探讨了爱、恐惧和死亡等深刻主题。', 'https://www.wikiart.org/en/edvard-munch');
INSERT INTO `artists` VALUES (8, 'Egon Schiele', '1890-1918', '表现主义', '埃贡·席勒（Egon Schiele）是奥地利表现主义画家，以其强烈表现性的自画像和对人体形态的大胆探索而知名。', '席勒于1890年6月12日出生于奥地利的图尔恩。他的艺术生涯始于维也纳美术学院，尽管他因对传统教育方法的不满而早早离开了学院。席勒受到了古斯塔夫·克林姆的影响，后来成为了维也纳分离派的一员，这是一个推崇艺术新思潮的团体。', '席勒的艺术风格深受表现主义影响，特点是扭曲的形体和过分夸张的线条，这些都是为了表达更深层次的情感和内心世界。他的绘画经常探讨死亡、性和孤独等主题，使用鲜明的色彩和剧烈的形体语言来传达情感和心理状态。', '席勒的许多著名作品都是自画像，这些作品展示了他对自我形象的深刻反思和探索。此外，他的作品中也频繁出现女性形象，通常是以非常直接和开放的方式展示身体。他的作品如《自画像》、《怀孕女子和死神》和《两名女子拥抱》等，都显示了他在主题和表现上的大胆。', 'https://www.wikiart.org/en/egon-schiele');
INSERT INTO `artists` VALUES (9, 'El Greco', '1541-1614', '文艺复兴', '多梅尼科斯·特奥托科普洛斯（Doménikos Theotokópoulos），广为人知的名字是埃尔·格列柯（El Greco），是一位画风独特的希腊裔西班牙文艺复兴晚期画家、雕塑家和建筑师。', '埃尔·格列柯生于1541年，出生地为克里特岛，当时属于威尼斯共和国。他的艺术生涯开始于传统的拜占庭式的宗教绘画学习，后移居意大利，先是在威尼斯学习，然后在罗马工作，接触到了文艺复兴的核心。1577年，他迁移到西班牙托莱多，在那里他的艺术风格达到了成熟期，并创作出大量的宗教作品。', '埃尔·格列柯的风格难以归类于任何传统学派，他的作品结合了拜占庭的宗教图像、文艺复兴时期的形式主义以及马内里主义的过度表现。他的画作以极具表现力的手法和夸张的比例而闻名，这些特点在他的宗教画中表现得尤为明显。', '埃尔·格列柯的代表作包括《托莱多的风景》、《埋葬伯爵奥尔加斯》和《基督清洁圣殿》等。这些作品通常具有高度的情感表达，使用了饱和的颜色和充满动感的线条。他的人物画常见长长的身体和扭曲的姿态，面部表情充满激情，这使得他的作品具有强烈的个人风格和时代特征。', 'https://www.wikiart.org/en/el-greco');
INSERT INTO `artists` VALUES (10, 'Emil Nolde', '1867-1956', '表现主义', '埃米尔·诺尔德（Emil Nolde）是德国表现主义运动的重要画家之一，以其鲜艳的色彩和表现力强烈的作品而知名。', '埃米尔·诺尔德原名埃米尔·汉森（Emil Hansen），于1867年8月7日出生在德国与丹麦边界附近的诺尔德地区。虽然他最初从事木刻师和家具雕刻师的工作，但他的兴趣最终转向了绘画，特别是在他30多岁时正式开始追求艺术生涯后。', '诺尔德的风格典型地体现了表现主义的特征，包括对情感和个人表达的强调，使用饱和和对比强烈的色彩。他的绘画常常探索宗教主题、神话故事以及自然风景，通过夸张和变形的手法来传达更深层次的情感和象征意义。', '诺尔德的作品中，例如《彩色花园》（The Colorful Garden）和《舞者》系列，常常可以看到大胆的色彩运用和简化的形式，这些都是为了增强画作的表现力。他的许多画作也表现了对原始艺术和非洲艺术的兴趣，这在当时的欧洲艺术界中较为少见。', 'https://www.wikiart.org/en/emil-nolde');
INSERT INTO `artists` VALUES (11, 'Eugène Delacroix', '1798-1863', '浪漫主义', '欧仁·德拉克罗瓦（Eugène Delacroix）是19世纪法国浪漫主义画派的领军人物，以其戏剧性的色彩和动态的作品著名，他的艺术作品对后来的象征主义和现代艺术产生了深远影响。', '德拉克罗瓦于1798年4月26日出生于法国夏朗德省的夏伊。他的父亲曾是法国革命时期的一个政府官员。德拉克罗瓦在巴黎的艺术学校接受教育，并受到了泰奥多尔·热里柯等人的影响，这些都是当时著名的浪漫主义艺术家。', '德拉克罗瓦的风格典型地体现了浪漫主义的特点：强调情感的自由表达和个人主义。他的画作常常描绘历史和文学主题，以一种戏剧性和动感的方式呈现，常常用鲜明的色彩和强烈的光影对比来加强视觉冲击力。', '德拉克罗瓦的代表作包括《民主引导人民》（Liberty Leading the People），这幅画作成为法国七月革命的象征。其他重要作品如《基督在加尔瓦留的海上行走》（Christ on the Sea of Galilee）和《查理克王的死》（The Death of Sardanapalus）等，都体现了他对动态场景的精湛描绘能力和对色彩的敏感运用。', 'https://www.wikiart.org/en/eugene-delacroix');
INSERT INTO `artists` VALUES (12, 'Francisco Goya', '1746-1828', '浪漫主义', '弗朗西斯科·戈雅（Francisco Goya）是西班牙历史上最重要的画家之一，他的作品标志着浪漫主义的兴起并预示了现代艺术的发展。', '戈雅于1746年3月30日出生于西班牙萨拉戈萨附近的一个小镇。他的艺术生涯始于学习传统的宗教画风格，后来成为宫廷画师，并最终成为西班牙宫廷的首席画师。', '戈雅的早期作品显示了典型的洛可可风格，轻松愉快、色彩明亮。然而，随着时间的推移，他的作品变得更加深沉和批判性，特别是在他的晚期，他创作了大量揭示社会暗面和个人困境的作品，这些作品常常被视为现代艺术的先驱。', '戈雅的代表作品包括《裸体的玛哈》（La Maja Desnuda）和《穿衣的玛哈》（La Maja Vestida），这两幅作品在当时引发了巨大的争议。此外，他的《黑画》系列（Black Paintings）是在他晚年生活中创作的一系列油画作品，这些作品以其悲观、神秘和深邃的主题而闻名，反映了他对人性和社会的深刻反思。', 'https://www.wikiart.org/en/francisco-goya');
INSERT INTO `artists` VALUES (13, 'Gustav Klimt', '1862-1918', '象征主义', '古斯塔夫·克林姆（Gustav Klimt）是奥地利象征主义和现代主义的重要画家，以其富丽堂皇的装饰风格和对女性形象的深刻描绘而闻名。', '克林姆于1862年7月14日出生于维也纳郊区的鲍姆加滕。他的父亲是一位金匠，这影响了克林姆对精美细节和装饰性艺术的热爱。克林姆在维也纳应用艺术学校接受教育，他的职业生涯开始于装饰性壁画和舞台设计的工作。', '克林姆的艺术风格深受拜占庭艺术和日本浮世绘的影响，这在他对金箔的使用和对复杂图案的偏爱中尤为明显。他的作品通常以性感、梦幻和象征性的内容为特点，经常探讨爱、死亡和性的主题。', '克林姆最著名的作品包括《接吻》和一系列风景画和肖像画，如《阿黛莱德·布洛赫-鲍尔的肖像》和《朱迪斯》。这些画作通常特征是使用金色和装饰性图案，给人一种华丽而神秘的视觉效果。他的作品在色彩和细节上的丰富表达，使他成为20世纪最具影响力的画家之一。', 'https://www.wikiart.org/en/gustav-klimt');
INSERT INTO `artists` VALUES (14, 'Henri Matisse', '1869-1954', '野兽派', '亨利·马蒂斯（Henri Matisse）是20世纪最重要的法国画家之一，以其使用鲜艳色彩和简化形式的方式而闻名，被认为是现代艺术的先驱。', '马蒂斯于1869年12月31日出生于法国北部的勒卡托-坎布雷西。最初他学习法律，后来转向艺术，在1891年进入巴黎的学院朱利安学习绘画。在那里，他受到了印象派和后印象派画家的影响，但很快他发展出了自己独特的艺术风格。', '马蒂斯的作品以其鲜明的色彩和简洁的形式而著名，他的风格在野兽派之后逐渐发展为更为平和与装饰性的艺术表现。在他的晚年，特别是身体健康状况下降后，马蒂斯开始创作剪纸作品，这些作品以其简化的形式和鲜艳的色彩，展示了他对色彩和形式的深刻理解。', '马蒂斯的代表作品包括《舞蹈》和《乐园》等，这些作品体现了他对色彩和形式的大胆使用。他的剪纸作品如《蓝色裸体》系列，则以其简化的形式和强烈的视觉效果而成为他晚期艺术的典范。', 'https://www.wikiart.org/en/henri-matisse');
INSERT INTO `artists` VALUES (15, 'Hiroshige', '1797-1858', '江户时代', '歌川广重（Utagawa Hiroshige），也常被称为安藤广重，是日本晚期浮世绘的杰出代表之一，特别以其风景版画而闻名。', '广重于1797年出生于江户（现今的东京）。他最初的职业并非艺术家，而是隶属于消防队的武士。广重在十五岁时失去父母，这促使他后来转向艺术，成为了一名学徒，学习浮世绘画法。他师从歌川豊国，从而开始了他的艺术生涯。', '广重的风格属于浮世绘，这是一种日本木刻版画的形式，通常描绘历史、戏剧、风景或美人图等题材。广重尤以描绘日本的自然景观和城市风景而著名，他的作品展现了对细节的精致处理和对大自然美景的深刻理解。', '广重最著名的系列作品包括《东海道五十三站》和《名所江户百景》。《东海道五十三站》通过描绘从江户到京都的主要道路上的五十三个驿站，展示了日本的自然美景和日常生活的场景。而《名所江户百景》则是对他居住的城市——江户的各个角落进行艺术化的描绘，这些作品以其精细的细节和对季节变化的敏感捕捉而受到高度评价。', 'https://www.wikiart.org/en/hiroshige');
INSERT INTO `artists` VALUES (16, 'Jackson Pollock', '1912-1956', '表现主义', '杰克逊·波洛克（Jackson Pollock）是20世纪美国最具影响力的画家之一，以其独创的滴画技术（Drip Painting）而闻名于世，被认为是抽象表现主义运动的关键人物。', '波洛克于1912年1月28日出生在怀俄明州科迪，他的家庭在他的童年和青少年时期多次搬家。波洛克在1930年代初期移居纽约，并在那里的艺术学生联盟（Art Students League）学习绘画，师从著名的区域主义画家托马斯·哈特·本顿。', '波洛克的画作属于抽象表现主义，这种风格强调自由形式的表达、情感深度和个人本位的创作方法。他的滴画技术通过从画架上取下画布，将其平铺在地上，然后用画笔或其他工具将油漆滴落、抛洒或泼溅到画布上，从而创作出充满动感和节奏的作品。', '波洛克的画作如《世纪之秋》（Autumn Rhythm）和《蓝极点》（Blue Poles）等，以其大尺寸、复杂的线条交织和丰富的色彩层次而受到赞誉。这些作品的视觉冲击力极强，反映了他的创作是在自发性和控制之间寻找平衡的过程。', 'https://www.wikiart.org/en/jackson-pollock');
INSERT INTO `artists` VALUES (17, 'James Ensor', '1860-1949', '象征主义', '詹姆斯·恩索尔（James Ensor）是比利时画家和版画家，以其创新和经常具有讽刺意味的作品而闻名，被认为是象征主义和表现主义的先驱。', '恩索尔于1860年4月13日出生在比利时的奥斯坦德。他的家庭拥有一家古董和纪念品商店，这影响了他早期对面具和狂欢节道具的兴趣。恩索尔在布鲁塞尔的皇家美术学院接受正规艺术教育，但他的风格和主题很快偏离了学院的传统路线。', '恩索尔的艺术风格难以简单归类。他的作品结合了现实主义的细致描述、象征主义的神秘色彩以及表现主义的情感表达。他经常使用鲜艳的色彩和戏剧性的场景布局，创作主题多样，涉及宗教、政治和社会评论。', '恩索尔最著名的作品之一是《基督的入城》（1888年），这幅画描绘了一场怪诞的狂欢节，面具人物围绕着基督的形象，充满了讽刺和象征意味。他的其他重要作品还包括各种怪异、幽默而充满批判精神的画作，如《面具的亵渎》和一系列深刻揭示社会伪善的作品。', 'https://www.wikiart.org/en/james-ensor');
INSERT INTO `artists` VALUES (18, 'Jean-François Millet', '1814-1875', '现实主义', '让-弗朗索瓦·米勒（Jean-François Millet）是19世纪法国画家，属于现实主义流派，以其描绘农民劳动生活的作品最为知名。', '米勒于1814年10月4日出生于法国诺曼底的格雷维尔，他出生在一个小农民家庭中。米勒最初在谢尔堡接受艺术训练，后来移居巴黎，继续在法国各大美术学院学习，受到了古典主义画风的影响。', '米勒的艺术风格深受巴比松画派（Barbizon School）的影响，这是一个强调户外绘画、以自然主义描绘乡村生活为主的艺术团体。他的作品通常以沉着的色调和简练的构图表现农民的日常生活，展现出深刻的同情和人文关怀。', '米勒的代表作包括《拾穗者》（The Gleaners）、《播种者》（The Sower）和《晚钟》（The Angelus）。这些画作描绘了农民在田野中辛勤劳作的场景，通过对劳动者姿态和环境的精细刻画，传达出一种庄严和诗意的美感。他的艺术作品不仅呈现了农民生活的艰辛，还表达了对他们生活的深深尊重和赞美。', 'https://www.wikiart.org/en/jean-francois-millet');
INSERT INTO `artists` VALUES (19, 'Joan Miró', '1893-1983', '超现实主义', '琼·米罗（Joan Miró）是20世纪西班牙最重要的画家之一，以其抽象的作品和独特的艺术风格而闻名，被认为是现代艺术的重要代表，尤其在超现实主义和抽象表现主义方面有重大影响。', '米罗于1893年4月20日出生于西班牙巴塞罗那。他的早期教育在商业学校接受，但后来转向艺术，在巴塞罗那的拉洛亚美术学校学习。1919年，米罗移居巴黎，加入了当时活跃的艺术家圈子，与安德烈·布勒东等超现实主义艺术家建立了联系。', '米罗的作品经常被归类为超现实主义，但他本人偏好将自己视为抽象艺术家。他的风格以色彩鲜明、形式简化且充满幻想的图像为特点，经常使用象征性的符号和抽象的形状来表达内心世界和宇宙主题。', '米罗的代表作品包括《加泰罗尼亚乡村的狗》、《哈丽雅德尼的夜》和一系列名为“蓝色”（I, II, III）的画作。这些作品显示了他的艺术风格的演变，从相对具象的表现转向完全的抽象和符号化。他的作品经常被描述为充满了诗意的梦幻场景，其中包含着童真和幽默感。', 'https://www.wikiart.org/en/joan-miro');
INSERT INTO `artists` VALUES (20, 'John Constable', '1776-1837', '浪漫主义', '约翰·康斯特布尔（John Constable）是19世纪英国最重要的风景画家之一，以其对英国乡村尤其是萨福克郡的真实和感性的描绘而著名。康斯特布尔与他的同时代画家特纳并列，共同推动了英国风景画的发展。', '康斯特布尔于1776年6月11日出生于英格兰东部的萨福克郡。尽管他的家庭希望他从事家族的磨坊生意，康斯特布尔决心追求艺术生涯。他于1799年进入皇家艺术学院学习，开始了他的绘画训练。', '康斯特布尔的风格强调自然的直接观察和个人对风景的情感反应。他的作品通常展现出对天气和大气条件变化的敏感性，以及对乡村生活的深刻理解。他喜欢在户外写生，这一点在当时尚属创新。', '康斯特布尔的代表作品包括《海鼓车》（The Hay Wain）、《塞尔福德堰》（Flatford Mill）和《戴德姆教堂》（Dedham Church）。这些画作充分展现了他对乡村景观的热爱和对细节的精确捕捉，尤其是在描绘天空、云彩和水面的光泽方面表现出极高的技巧。', 'https://www.wikiart.org/en/john-constable');
INSERT INTO `artists` VALUES (21, 'Leonardo da Vinci', '1452-1519', '文艺复兴', '莱昂纳多·达·芬奇（Leonardo da Vinci）是文艺复兴时期最著名的多才多艺的意大利学者、发明家、画家、雕塑家、建筑师、科学家和工程师之一。他的多样化才能和卓越成就使他成为文艺复兴的象征和普遍天才的代表。', '达·芬奇于1452年4月15日出生在意大利的芬奇村，靠近佛罗伦萨。他的早期教育在佛罗伦萨进行，在那里他成为了著名艺术家安德烈亚·德尔·韦罗基奥（Andrea del Verrocchio）的学徒，这段经历对他后来的艺术和科学事业产生了深远的影响。', '达·芬奇的艺术风格体现了文艺复兴对古典艺术和人文主义的重视。他的绘画作品著名于对人体解剖的精确描绘、对人物表情的深刻捕捉以及复杂的构图。他在绘画技法上的创新，如\"sfumato\"（烟雾效果）技法，为他的画作增添了梦幻般的质感和深度。', '达·芬奇的代表作品包括《蒙娜丽莎》和《最后的晚餐》。《蒙娜丽莎》以其神秘的微笑和精湛的光影处理而闻名于世，而《最后的晚餐》则因其布局上的创新和情感表达的复杂性而被视为西方艺术的杰作之一。', 'https://www.wikiart.org/en/leonardo-da-vinci');
INSERT INTO `artists` VALUES (22, 'Mark Rothko', '1903-1970', '表现主义', '马克·罗斯科（Mark Rothko）是20世纪最重要的美国画家之一，以其在抽象表现主义运动中的贡献而闻名，特别是他的色彩块画作对后现代和当代艺术产生了深远的影响。', '罗斯科原名马库斯·罗索维茨（Markus Rothkowitz），于1903年9月25日出生于现今的拉脱维亚，当时属于俄罗斯帝国。1913年，他的家庭移民到美国，定居在俄勒冈州的波特兰。罗斯科在纽约市开始了他的艺术生涯，并逐渐从具象转向抽象风格的绘画。', '罗斯科的风格特别注重色彩的情感和象征意义，他的许多作品由几何形状的色彩块组成，这些色彩块通常具有浮动效果，创造出一种几乎是灵性的视觉体验。他的作品常常被解读为对人类存在的深刻反思。', '罗斯科的画作以其强烈的情感表达和视觉冲击力而知名。他的代表作如《罗斯科教堂》系列，展示了他如何通过抽象的形式探索哲学和宗教主题。罗斯科的色彩使用富有层次，他通过对比和色彩的温度变化来操控空间感和情绪表达。', 'https://www.wikiart.org/en/mark-rothko');
INSERT INTO `artists` VALUES (23, 'Mary Cassatt', '1844-1926', '印象派', '玛丽·卡萨特（Mary Cassatt）是一位美国画家和版画家，以其描绘女性尤其是母亲和儿童的亲密场景而闻名。她是19世纪末期印象派运动的重要成员之一，并在推动女性艺术家的地位方面发挥了关键作用。', '卡萨特于1844年5月22日出生在宾夕法尼亚州的阿勒格尼，她的家庭支持她接受艺术教育，这在当时是非常罕见的。1860年代初，她开始在宾夕法尼亚美术学院学习，不久后她前往巴黎深造，尽管女性被禁止进入正规的艺术学院，她通过私人课程和模仿博物馆作品自学。', '卡萨特的风格深受印象派的影响，尤其是在使用光线和色彩方面，但她的作品也展现出个人独特的视角和技巧。她专注于描绘女性社会和家庭生活中的日常场景，尤其擅长捕捉母亲与孩子之间的亲密瞬间。', '卡萨特的代表作包括《母亲与孩子》（Mother and Child）系列和《茶》（The Cup of Tea）。她的作品常常表现出温馨而平静的氛围，通过细腻的笔触和温暖的色调传达人物的情感状态。她的画作不仅美学价值高，而且强调女性在社会和艺术中的独立地位。', 'https://www.wikiart.org/en/mary-cassatt');
INSERT INTO `artists` VALUES (24, 'Michelangelo', '1475-1564', '文艺复兴', '米开朗基罗·布奥纳罗蒂（Michelangelo Buonarroti）是文艺复兴时期最杰出的意大利艺术家之一，以其雕塑、绘画、建筑和诗歌等多方面的杰出成就而闻名。', '米开朗基罗于1475年3月6日出生在意大利的卡普雷塞，是一个小镇的市长的儿子。他的艺术生涯开始于佛罗伦萨，在那里他受到了多明尼哥·吉兰达约和贝托尔迪等人的启发和训练。早期，米开朗基罗展现出在雕塑方面的非凡天赋。', '米开朗基罗的艺术风格体现了文艺复兴时期对人文主义和古典美学的重视。他的雕塑作品以其戏剧性的姿势和复杂的情感表达而著名，而他的绘画则以其强烈的宗教感和动态的构图闻名。', '米开朗基罗的代表作包括雕塑《大卫》和《圣母怜子》，以及西斯廷礼拜堂的壁画，特别是《创世纪》和《最后的审判》。这些作品不仅展示了他在解剖学上的精确和对人体动态的深刻理解，还表达了深邃的宗教和哲学思想。', 'https://www.wikiart.org/en/michelangelo');
INSERT INTO `artists` VALUES (25, 'Oskar Kokoschka', '1886-1980', '表现主义', '奥斯卡·科科施卡（Oskar Kokoschka）是20世纪初的奥地利画家、诗人和剧作家，以其表现主义风格的作品而闻名，被认为是现代艺术运动中的重要人物之一。', '科科施卡于1886年3月1日出生在奥地利的普希科夫。他的艺术生涯开始于维也纳，在那里他接受了传统的艺术教育。科科施卡后来成为维也纳分离派的一员，并在那个时期开始发展自己独特的艺术风格。', '科科施卡的风格典型地体现了表现主义的特点，包括扭曲的形体、鲜艳的色彩和动态的笔触。他的画作通常直接表达主题，具有强烈的个人情感色彩，反映了他对周围世界的深刻感受和反思。', '科科施卡的代表作包括《布达佩斯的风暴》（The Tempest）和《布拉格的肖像》。这些作品展示了他对人物心理状态的深刻描绘和对场景氛围的精确把握。他也为剧院设计舞台和服装，同时创作了许多剧本和诗歌。', 'https://www.wikiart.org/en/oskar-kokoschka');
INSERT INTO `artists` VALUES (26, 'Pablo Picasso', '1881-1973', '立体主义', '巴勃罗·毕加索（Pablo Picasso）是20世纪最著名的艺术家之一，以其创新的作品和多样的艺术风格而闻名，是现代艺术的重要代表人物，尤其在立体主义的发展上具有革命性的贡献。', '毕加索于1881年10月25日出生于西班牙的马拉加。他的父亲是一名画家和艺术教师，从小对毕加索的艺术才能给予了极大的培养和支持。毕加索很早就表现出了非凡的绘画才能，他的职业生涯开始于巴塞罗那，后来他搬到巴黎，成为了那里艺术界的中心人物。', '毕加索的艺术风格经历了多次变化，包括蓝色时期、玫瑰色时期、立体主义和后立体主义等阶段。他的立体主义阶段尤其具有划时代的意义，该风格打破了传统的视角和形式，通过几何化的形体和碎片化的视角重新构建现实，这种风格对20世纪的艺术和文化产生了巨大影响。', '毕加索的代表作包括《亚威农的少女》、《格尔尼卡》和《梦》等。《亚威农的少女》是他的立体主义风格的标志性作品，而《格尔尼卡》则反映了他对西班牙内战的反思和对和平的渴望。他的作品通常具有强烈的情感表达和深刻的象征意义，经常探索人类存在的复杂性和多样性。', 'https://www.wikiart.org/en/pablo-picasso');
INSERT INTO `artists` VALUES (27, 'Paul Cezanne', '1839-1906', '后印象派', '保罗·塞尚（Paul Cézanne）是19世纪末到20世纪初的法国画家，被誉为现代艺术的先驱之一。他的作品和画风对后来的立体主义和抽象艺术运动产生了深远的影响。', '塞尚于1839年1月19日出生在法国的埃克斯。他的父亲是一个成功的银行家，这为他的艺术生涯提供了经济上的支持。尽管家庭希望他从事法律职业，塞尚最终选择了绘画。他在巴黎的学习期间，与未来的印象派画家如卡米耶·毕沙罗建立了友谊，他们的关系对他的艺术发展有显著影响。', '塞尚的艺术风格独特，常被归类为后印象派。他对自然界的深刻观察和对画面构成的系统研究，使他的作品具有一种几何化的稳定结构。塞尚特别强调绘画中形状的基本几何形态，并通过色块的重叠和对比来探索空间和深度。', '塞尚的代表作包括《圣维克多山》、《卡德玩纸牌的人们》和《大浴女》等。他的静物画和风景画尤其著名，展现了他对光线、色彩和形式的精妙处理。塞尚的画作以其复杂的构图和厚重的色彩层次而受到赞赏，这些特点在他的山景和静物画中表现得尤为明显。', 'https://www.wikiart.org/en/paul-cezanne');
INSERT INTO `artists` VALUES (28, 'Paul Gauguin', '1848-1903', '后印象派', '保罗·高更（Paul Gauguin）是19世纪末到20世纪初的法国后印象派画家，以其在塔希提的异域主题作品以及对传统欧洲艺术常规的挑战而闻名。', '高更于1848年6月7日出生在法国巴黎。他的早年生活颇具冒险，包括一段时间在秘鲁度过。最初，高更从事股票经纪和商业工作，但在中年时放弃了商业生涯，全身心投入到绘画中。他的艺术生涯大部分时间在法国度过，尽管他最有名的作品是在他晚年移居塔希提岛时创作的。', '高更的艺术风格经历了从印象派到后印象派的转变，最终发展为独特的原始主义风格。他的画作常常探索宗教和神秘主题，融合了现实与想象的元素，特别是在他的塔希提时期。', '高更的代表作品包括《在何处去生活？》（Where Do We Come From? What Are We? Where Are We Going?）、《塔希提的女人们》和《黄色的基督》（The Yellow Christ）。这些作品展示了他对形式的简化和对色彩的大胆使用，以及他对异域文化的深刻兴趣。', 'https://www.wikiart.org/en/paul-gauguin');
INSERT INTO `artists` VALUES (29, 'Paul Klee', '1879-1940', '表现主义', '保罗·克利（Paul Klee）是20世纪初的瑞士-德国画家，被认为是现代艺术中的重要人物之一。他以其创新的理论和多样化的作品风格而闻名，跨越了表现主义、立体主义、和超现实主义等多种艺术流派。', '克利于1879年12月18日出生在瑞士的慕恩亨，他的父亲是一位音乐家，这为他的艺术早期带来了音乐与视觉艺术的融合。克利最初在慕尼黑的艺术学院接受正规教育，并深受当时的艺术运动影响。', '克利的艺术风格难以归类于单一流派。他的作品融合了表现主义的情感表达、立体主义的构图技巧以及超现实主义的梦幻元素。克利热衷于实验各种材料和技术，包括水彩、油画、墨画以及混合媒介。', '克利的作品以其微妙的色彩、细腻的线条和几何形式而著名，他常用符号和抽象图形来探索音乐与绘画的关系、以及诗意的语言。他的画作通常不追求现实的描绘，而是表达抽象的概念和情感状态。', 'https://www.wikiart.org/en/paul-klee');
INSERT INTO `artists` VALUES (30, 'Peter Paul Rubens', '1577-1640', '巴洛克', '彼得·保罗·鲁本斯（Peter Paul Rubens）是17世纪初的佛兰德斯巴洛克时期最重要的画家之一，以其充满活力的作品、精湛的技艺和对人体动态的强烈表现而闻名。', '鲁本斯于1577年6月28日出生在西属尼德兰的西根。他的家庭因宗教原因从安特卫普搬到科隆，但在他幼年后不久返回了安特卫普。鲁本斯的教育很传统，包括学习古典文学和拉丁语，这些学识后来深刻影响了他的艺术生涯。他在意大利和西班牙旅行期间，学习了众多文艺复兴大师的作品，这些经历对他的艺术风格有着决定性的影响。', '鲁本斯的风格深受意大利文艺复兴的影响，特别是他对卡拉瓦乔和提香作品的学习。他的作品以其戏剧性的构图、生动的色彩和充满活力的笔触而著名。鲁本斯擅长运用光影效果和强烈的动态感，使观者的视觉经验充满情感和动感。', '鲁本斯的代表作品包括《亨利四世在伊夫里的战斗》、《德西雷的下降》和《欧罗巴的掳掠》等。他的画作通常场面宏大，人物形象丰满而充满力量，表现出一种典型的“鲁本斯风格”肉体美。他的作品在视觉上极具吸引力，常常通过复杂的姿态和丰富的细节来加强叙事和戏剧效果。', 'https://www.wikiart.org/en/peter-paul-rubens');
INSERT INTO `artists` VALUES (31, 'Pierre-Auguste Renoir', '1841-1919', '印象派', '皮埃尔-奥古斯特·雷诺阿（Pierre-Auguste Renoir）是19世纪法国印象派运动的主要画家之一，以其光彩照人的色彩和对人物特别是女性和儿童的温暖描绘而著名。', '雷诺阿于1841年2月25日出生在法国利穆日，他的家庭属于工人阶级。他年轻时开始在瓷器工厂绘制设计，这段经历让他接触到了绘画。之后他进入巴黎的装饰艺术学校学习，并最终加入了埃科尔·德·博扎尔（École des Beaux-Arts）。雷诺阿在著名的巴黎画室“瑞士画室”中与未来的印象派同行如莫奈和西斯莱一起学习和作画。', '雷诺阿的绘画风格典型地体现了印象派的特征，特别是在使用光线和色彩方面。他善于捕捉户外场景中的自然光效和日常生活的瞬间。与其他印象派画家不同，雷诺阿在其职业生涯后期逐渐转向更加传统和古典的形式美，注重人物的塑造和细节的描绘。', '雷诺阿的代表作包括《浮舟》（Luncheon of the Boating Party）、《穆莱湖上的划船者》（Oarsmen at Chatou）和《摇摆》（The Swing）。他的画作通常呈现出生活的乐趣和轻松氛围，人物形象温馨可亲，常常是在户外自然光下享受生活的场景。', 'https://www.wikiart.org/en/pierre-auguste-renoir');
INSERT INTO `artists` VALUES (32, 'Raphael', '1483-1520', '文艺复兴', '拉斐尔（Raphael），全名拉斐尔·桑齐奥（Raffaello Sanzio），是文艺复兴时期意大利最著名的画家之一，与达芬奇和米开朗基罗齐名，统称为“文艺复兴三杰”。他以其和谐的作品和对美学平衡的精湛掌握而闻名。', '拉斐尔于1483年4月6日出生于意大利的乌尔比诺。他的父亲是宫廷画家乔凡尼·桑齐奥（Giovanni Santi），早年即对拉斐尔的艺术才能进行了培养。拉斐尔很早就显示出了非凡的绘画天赋，并在佩鲁贾学习了画家佩鲁吉诺（Perugino）的技巧，其作品对拉斐尔的早期风格有着显著影响。', '拉斐尔的艺术风格融合了其前辈们的优点，将达芬奇的人物表现技巧和米开朗基罗的雄伟构图完美结合。他的绘画作品以平和、优雅而著称，展现了人物的理想化美和高尚情操。', '拉斐尔的代表作包括《雅典学院》（The School of Athens），这幅壁画展现了古希腊哲学家们的理想化集会，是对人文主义精神的完美诠释。其他著名作品如《西斯廷圣母》（Sistine Madonna）和一系列的“圣母子”作品都表现了他对宗教主题深刻而细腻的处理。', 'https://www.wikiart.org/en/raphael');
INSERT INTO `artists` VALUES (33, 'Rembrandt', '1606-1669', '巴洛克', '伦勃朗·哈尔曼松·范·莱茵（Rembrandt Harmenszoon van Rijn），通常简称为伦勃朗，是17世纪荷兰黄金时代最著名的画家之一，以其深刻的人物描绘、复杂的光影运用和情感表达而闻名。', '伦勃朗于1606年7月15日出生于荷兰莱顿。他在家乡开始了艺术生涯，早年在莱顿大学学习，后转向艺术训练，成为一名学徒并迅速展现出显著的绘画天赋。1625年，伦勃朗在莱顿开设了自己的工作室，不久后搬到阿姆斯特丹，那里成为了他艺术生涯的中心。', '伦勃朗的艺术风格深受巴洛克时期的影响，特点是强烈的光影对比（明暗对比法），这种技术强调了画面的深度和空间感。他的作品常常展现出丰富的情感，通过精心设计的光线和色彩来加强视觉冲击力。', '伦勃朗的代表作品包括《夜巡》（The Night Watch），这幅画以其复杂的光影处理和动态的构图而闻名，展示了民兵团的集结场景。他的自画像系列也非常著名，通过这些作品，观众可以追踪到他一生的艺术和个人变迁。', 'https://www.wikiart.org/en/rembrandt');
INSERT INTO `artists` VALUES (34, 'Thomas Gainsborough', '1727-1788', '洛可可', '托马斯·盖恩斯伯勒（Thomas Gainsborough）是18世纪英国最重要的肖像和风景画家之一，以其精湛的画技和对细节的敏感捕捉而闻名。', '盖恩斯伯勒于1727年5月14日出生在英格兰萨福克郡的萨德伯里。他的艺术才华在年轻时就已显现，十四岁时就前往伦敦学习艺术，并在那里的画室学习了几年。后来，他在伦敦、伊普斯维奇和巴斯建立了自己的工作室，逐渐建立起声誉。', '盖恩斯伯勒的风格融合了洛可可时期的优雅与自然主义的趋势。他的肖像画以展示服饰的华丽和细节见长，同时也能捕捉到被画者的社会地位和个性。在风景画方面，他的作品通常更具有浪漫主义色彩，强调自然的美感和情绪表达。', '盖恩斯伯勒的代表作包括《蓝色男孩》（The Blue Boy），这幅作品以其细腻的服装描绘和生动的人物表现而著名。他的其他重要作品如《莫宁顿伯爵夫人》（Countess of Mornington）和《森林中的水车》（The Watering Place）等，同样展示了他对质感、光线和色彩的精妙处理。', 'https://www.wikiart.org/en/thomas-gainsborough');
INSERT INTO `artists` VALUES (35, 'Utagawa Kuniyoshi', '1797-1861', '江户时代', '歌川国芳（Utagawa Kuniyoshi）是日本江户时代末期的著名浮世绘艺术家之一，以其生动的武士画、美人画以及怪物和幽灵的描绘而知名。', '国芳于1797年出生于江户（现在的东京）。他是歌川派的一员，这是一个浮世绘艺术家的集团，由歌川豊国创立。国芳最初在歌川豊国的工作室学习，但他的风格很快展现出独特的个性和创造力。', '国芳的艺术风格独树一帜，他擅长运用夸张和幽默的元素来吸引观众。他的很多作品包含了超自然的主题，如妖怪和幽灵，这些主题在当时的日本文化中非常流行。他还以描绘武士的英雄故事而闻名，这些画作通常充满戏剧性和动作感。', '国芳的代表作品包括《水滸传》系列，这是根据中国古典小说改编的一系列作品，展示了各种英雄人物的生动形象。他的其他重要作品还包括描绘动物、尤其是猫的系列，这些作品展现了他对动物形态和性格的深刻理解以及幽默感。', 'https://www.wikiart.org/en/utagawa-kuniyoshi');
INSERT INTO `artists` VALUES (36, 'Vincent Willem van Gogh', '1853-1890', '后印象派', '文森特·威廉·梵高（Vincent Willem van Gogh）是19世纪晚期荷兰后印象派画家，以其鲜艳的色彩、情感深刻的表达和独特的画风而闻名。尽管他一生未获大量赞誉，但逝世后其作品对20世纪艺术界产生了深远影响。', '梵高于1853年3月30日出生于荷兰的一个小镇格罗特-佐德特。他曾尝试多种职业道路，包括艺术商、教师和传教士，直到27岁时才全心投入到绘画中。他的艺术生涯虽然只有十年左右，却异常多产，创作了约2100件艺术作品，包括约860幅油画和更多的素描与水彩画。', '梵高的作品常常被归类为后印象派，他的风格强调个人情感的表达和对自然界的直观感受，通过强烈的色彩和表现力强的笔触来实现。梵高的画作经常表现出对美和生活的深刻思考，以及对人类状况的同情。', '梵高的代表作品包括《星夜》、《向日葵》和《麦田与乌鸦》等。这些作品以其强烈的视觉冲击力和情感深度广受赞誉。《星夜》特别突出，以其旋转的星空和充满活力的村庄夜景著称，展现了梵高对色彩和光影的非凡掌控。', 'https://www.wikiart.org/en/vincent-van-gogh');
INSERT INTO `artists` VALUES (37, 'Wassily Kandinsky', '1866-1944', '表现主义', '瓦西里·康定斯基（Wassily Kandinsky）是20世纪早期的俄罗斯画家和艺术理论家，被广泛认为是抽象艺术的先驱之一。他的作品和理论对现代艺术的发展产生了深远的影响，特别是在抽象表现主义方面。', '康定斯基于1866年12月16日出生于俄罗斯的莫斯科。他最初在莫斯科大学学习法律和经济学，但在30岁时决定全身心投入到绘画中。1900年，他前往慕尼黑学习绘画，这个决定标志着他艺术生涯的真正开始。', '康定斯基的早期作品受到印象派和法国野兽派的影响，特点是使用鲜艳的色彩和动态的画面构图。随着时间的发展，他的作品逐渐向抽象转变，他开始探索色彩和形式的内在关系以及它们在视觉和情感上的影响。', '康定斯基的抽象作品强调色彩作为独立主体的表达力，他认为色彩和形状能直接触及观者的内心。他的著名理论著作《关于精神上的艺术》（Über das Geistige in der Kunst）中探讨了艺术中色彩和形状的心理效应。康定斯基的代表作包括《在白色上的几何图形》和《作曲 VII》等，这些作品通过抽象的形式和丰富的色彩组合探索音乐与绘画的关系。', 'https://www.wikiart.org/en/wassily-kandinsky');

-- ----------------------------
-- Table structure for artworks
-- ----------------------------
DROP TABLE IF EXISTS `artworks`;
CREATE TABLE `artworks`  (
  `id` int UNSIGNED NOT NULL AUTO_INCREMENT,
  `artist_id` int UNSIGNED NOT NULL COMMENT '艺术家外键',
  `artwork` varchar(255) CHARACTER SET utf8mb4 COLLATE utf8mb4_0900_ai_ci NULL DEFAULT NULL COMMENT '作品名称',
  `url` varchar(255) CHARACTER SET utf8mb4 COLLATE utf8mb4_0900_ai_ci NULL DEFAULT NULL COMMENT '图片路径',
  `background` varchar(255) CHARACTER SET utf8mb4 COLLATE utf8mb4_0900_ai_ci NULL DEFAULT NULL COMMENT '作品背景',
  `style` varchar(255) CHARACTER SET utf8mb4 COLLATE utf8mb4_0900_ai_ci NULL DEFAULT NULL COMMENT '作品风格',
  `theme` varchar(255) CHARACTER SET utf8mb4 COLLATE utf8mb4_0900_ai_ci NULL DEFAULT NULL COMMENT '作品主题',
  PRIMARY KEY (`id`) USING BTREE,
  INDEX `artwork_artist`(`artist_id` ASC) USING BTREE,
  CONSTRAINT `artwork_artist` FOREIGN KEY (`artist_id`) REFERENCES `artists` (`id`) ON DELETE CASCADE ON UPDATE CASCADE
) ENGINE = InnoDB CHARACTER SET = utf8mb4 COLLATE = utf8mb4_0900_ai_ci ROW_FORMAT = Dynamic;

-- ----------------------------
-- Records of artworks
-- ----------------------------
INSERT INTO `artworks` VALUES (1, 1, 'Molesey Weir at Hampton Court Morning', 'https://artist-eyes.obs.cn-south-1.myhuaweicloud.com/artist/Alfred%20Sisley/info/1.png', NULL, NULL, NULL);
INSERT INTO `artworks` VALUES (2, 1, 'Under the bridge at Hampton Court', 'https://artist-eyes.obs.cn-south-1.myhuaweicloud.com/artist/Alfred%20Sisley/info/2.png', NULL, NULL, NULL);
INSERT INTO `artworks` VALUES (3, 1, 'The regattas Moseley', 'https://artist-eyes.obs.cn-south-1.myhuaweicloud.com/artist/Alfred%20Sisley/info/3.png', NULL, NULL, NULL);
INSERT INTO `artworks` VALUES (4, 2, 'The Harvest of Hay in Eragny', 'https://artist-eyes.obs.cn-south-1.myhuaweicloud.com/artist/Camille%20Pissarro/info/1.png', NULL, NULL, NULL);
INSERT INTO `artworks` VALUES (5, 2, 'Boulevard Montmartre Morning, Grey Weather', 'https://artist-eyes.obs.cn-south-1.myhuaweicloud.com/artist/Camille%20Pissarro/info/2.png', NULL, NULL, NULL);
INSERT INTO `artworks` VALUES (6, 2, 'Young Peasant at Her Toilette', 'https://artist-eyes.obs.cn-south-1.myhuaweicloud.com/artist/Camille%20Pissarro/info/3.png', NULL, NULL, NULL);
INSERT INTO `artworks` VALUES (7, 3, 'Boy with a Basket of Fruit', 'https://artist-eyes.obs.cn-south-1.myhuaweicloud.com/artist/Caravaggio/info/1.png', NULL, NULL, NULL);
INSERT INTO `artworks` VALUES (8, 3, 'The Lute Player', 'https://artist-eyes.obs.cn-south-1.myhuaweicloud.com/artist/Caravaggio/info/2.png', NULL, NULL, NULL);
INSERT INTO `artworks` VALUES (9, 3, 'Saint Jerome Writing', 'https://artist-eyes.obs.cn-south-1.myhuaweicloud.com/artist/Caravaggio/info/3.png', NULL, NULL, NULL);
INSERT INTO `artworks` VALUES (10, 4, 'Autumn on the Seine at Argenteuil', 'https://artist-eyes.obs.cn-south-1.myhuaweicloud.com/artist/Claude%20Monet/info/1.png', NULL, NULL, NULL);
INSERT INTO `artworks` VALUES (11, 4, 'Haystacks at Giverny', 'https://artist-eyes.obs.cn-south-1.myhuaweicloud.com/artist/Claude%20Monet/info/2.png', NULL, NULL, NULL);
INSERT INTO `artworks` VALUES (12, 4, 'Antibes in the Morning', 'https://artist-eyes.obs.cn-south-1.myhuaweicloud.com/artist/Claude%20Monet/info/3.png', NULL, NULL, NULL);
INSERT INTO `artworks` VALUES (13, 5, 'Two Ballet Dancers', 'https://artist-eyes.obs.cn-south-1.myhuaweicloud.com/artist/Edgar%20Degas/info/1.png', NULL, NULL, NULL);
INSERT INTO `artworks` VALUES (14, 5, 'A Cotton Office in New Orleans', 'https://artist-eyes.obs.cn-south-1.myhuaweicloud.com/artist/Edgar%20Degas/info/2.png', NULL, NULL, NULL);
INSERT INTO `artworks` VALUES (15, 5, 'Dance Class at the Opera, rue Le Peletier', 'https://artist-eyes.obs.cn-south-1.myhuaweicloud.com/artist/Edgar%20Degas/info/3.png', NULL, NULL, NULL);
INSERT INTO `artworks` VALUES (16, 6, 'The Monet family in their garden at Argenteuil', 'https://artist-eyes.obs.cn-south-1.myhuaweicloud.com/artist/Edouard%20Manet/info/1.png', NULL, NULL, NULL);
INSERT INTO `artworks` VALUES (17, 6, 'A Bar at the Folies-Bergere', 'https://artist-eyes.obs.cn-south-1.myhuaweicloud.com/artist/Edouard%20Manet/info/2.png', NULL, NULL, NULL);
INSERT INTO `artworks` VALUES (18, 6, 'Music in the Tuileries Garden', 'https://artist-eyes.obs.cn-south-1.myhuaweicloud.com/artist/Edouard%20Manet/info/3.png', NULL, NULL, NULL);
INSERT INTO `artworks` VALUES (19, 7, 'The Scream', 'https://artist-eyes.obs.cn-south-1.myhuaweicloud.com/artist/Edvard%20Munch/info/1.png', NULL, NULL, NULL);
INSERT INTO `artworks` VALUES (20, 7, 'Anxiety', 'https://artist-eyes.obs.cn-south-1.myhuaweicloud.com/artist/Edvard%20Munch/info/2.png', NULL, NULL, NULL);
INSERT INTO `artworks` VALUES (21, 7, 'Death in the sickroom', 'https://artist-eyes.obs.cn-south-1.myhuaweicloud.com/artist/Edvard%20Munch/info/3.png', NULL, NULL, NULL);
INSERT INTO `artworks` VALUES (22, 8, 'Self-Portrait with Black Vase and Spread Fingers', 'https://artist-eyes.obs.cn-south-1.myhuaweicloud.com/artist/Egon%20Schiele/info/1.png', NULL, NULL, NULL);
INSERT INTO `artworks` VALUES (23, 8, 'Portrait of Valerie Neuzil', 'https://artist-eyes.obs.cn-south-1.myhuaweicloud.com/artist/Egon%20Schiele/info/2.png', NULL, NULL, NULL);
INSERT INTO `artworks` VALUES (24, 8, 'Woman in Black Stockings', 'https://artist-eyes.obs.cn-south-1.myhuaweicloud.com/artist/Egon%20Schiele/info/3.png', NULL, NULL, NULL);
INSERT INTO `artworks` VALUES (25, 9, 'Coronation of the Virgin', 'https://artist-eyes.obs.cn-south-1.myhuaweicloud.com/artist/El%20Greco/info/1.png', NULL, NULL, NULL);
INSERT INTO `artworks` VALUES (26, 9, 'St. Louis King of France with a Page', 'https://artist-eyes.obs.cn-south-1.myhuaweicloud.com/artist/El%20Greco/info/2.png', NULL, NULL, NULL);
INSERT INTO `artworks` VALUES (27, 9, 'Dormition of the Virgin', 'https://artist-eyes.obs.cn-south-1.myhuaweicloud.com/artist/El%20Greco/info/3.png', NULL, NULL, NULL);
INSERT INTO `artworks` VALUES (28, 10, 'Autumn Sea VII', 'https://artist-eyes.obs.cn-south-1.myhuaweicloud.com/artist/Emil%20Nolde/info/1.png', NULL, NULL, NULL);
INSERT INTO `artworks` VALUES (29, 10, 'The Last Supper', 'https://artist-eyes.obs.cn-south-1.myhuaweicloud.com/artist/Emil%20Nolde/info/2.png', NULL, NULL, NULL);
INSERT INTO `artworks` VALUES (30, 10, 'Dance Around the Golden Calf', 'https://artist-eyes.obs.cn-south-1.myhuaweicloud.com/artist/Emil%20Nolde/info/3.png', NULL, NULL, NULL);
INSERT INTO `artworks` VALUES (31, 11, 'Death of Sardanapalus', 'https://artist-eyes.obs.cn-south-1.myhuaweicloud.com/artist/Eugène%20Delacroix/info/1.png', NULL, NULL, NULL);
INSERT INTO `artworks` VALUES (32, 11, 'Fanatics of Tangier', 'https://artist-eyes.obs.cn-south-1.myhuaweicloud.com/artist/Eugène%20Delacroix/info/2.png', NULL, NULL, NULL);
INSERT INTO `artworks` VALUES (33, 11, 'Christ on the Sea of Galilee', 'https://artist-eyes.obs.cn-south-1.myhuaweicloud.com/artist/Eugène%20Delacroix/info/3.png', NULL, NULL, NULL);
INSERT INTO `artworks` VALUES (34, 12, 'The Fight at the Venta Nueva', 'https://artist-eyes.obs.cn-south-1.myhuaweicloud.com/artist/Francisco%20Goya/info/1.png', NULL, NULL, NULL);
INSERT INTO `artworks` VALUES (35, 12, 'Summer, or The Harvest', 'https://artist-eyes.obs.cn-south-1.myhuaweicloud.com/artist/Francisco%20Goya/info/2.png', NULL, NULL, NULL);
INSERT INTO `artworks` VALUES (36, 12, 'The Third of May 1808 (Execution of the Defenders of Madrid)', 'https://artist-eyes.obs.cn-south-1.myhuaweicloud.com/artist/Francisco%20Goya/info/3.png', NULL, NULL, NULL);
INSERT INTO `artworks` VALUES (37, 13, 'Danae', 'https://artist-eyes.obs.cn-south-1.myhuaweicloud.com/artist/Gustav%20Klimt/info/1.png', NULL, NULL, NULL);
INSERT INTO `artworks` VALUES (38, 13, 'Birch Forest', 'https://artist-eyes.obs.cn-south-1.myhuaweicloud.com/artist/Gustav%20Klimt/info/2.png', NULL, NULL, NULL);
INSERT INTO `artworks` VALUES (39, 13, 'The Swamp', 'https://artist-eyes.obs.cn-south-1.myhuaweicloud.com/artist/Gustav%20Klimt/info/3.png', NULL, NULL, NULL);
INSERT INTO `artworks` VALUES (40, 14, 'Dance (II)', 'https://artist-eyes.obs.cn-south-1.myhuaweicloud.com/artist/Henri%20Matisse/info/1.png', NULL, NULL, NULL);
INSERT INTO `artworks` VALUES (41, 14, 'Luxury, Calm and Pleasure', 'https://artist-eyes.obs.cn-south-1.myhuaweicloud.com/artist/Henri%20Matisse/info/2.png', NULL, NULL, NULL);
INSERT INTO `artworks` VALUES (42, 14, 'Woman with a Hat', 'https://artist-eyes.obs.cn-south-1.myhuaweicloud.com/artist/Henri%20Matisse/info/3.png', NULL, NULL, NULL);
INSERT INTO `artworks` VALUES (43, 15, 'Hodogaya, Shinkame Bashi, Station 5', 'https://artist-eyes.obs.cn-south-1.myhuaweicloud.com/artist/Hiroshige/info/1.png', NULL, NULL, NULL);
INSERT INTO `artworks` VALUES (44, 15, '30. Plum Park in Kameido', 'https://artist-eyes.obs.cn-south-1.myhuaweicloud.com/artist/Hiroshige/info/2.png', NULL, NULL, NULL);
INSERT INTO `artworks` VALUES (45, 15, '107. Fukagawa Susaki and Jūmantsubo', 'https://artist-eyes.obs.cn-south-1.myhuaweicloud.com/artist/Hiroshige/info/3.png', NULL, NULL, NULL);
INSERT INTO `artworks` VALUES (46, 16, 'Number 8, (detail)', 'https://artist-eyes.obs.cn-south-1.myhuaweicloud.com/artist/Jackson%20Pollock/info/1.png', NULL, NULL, NULL);
INSERT INTO `artworks` VALUES (47, 16, 'Number 5', 'https://artist-eyes.obs.cn-south-1.myhuaweicloud.com/artist/Jackson%20Pollock/info/2.png', NULL, NULL, NULL);
INSERT INTO `artworks` VALUES (48, 16, 'Number 1 (Lavender Mist)', 'https://artist-eyes.obs.cn-south-1.myhuaweicloud.com/artist/Jackson%20Pollock/info/3.png', NULL, NULL, NULL);
INSERT INTO `artworks` VALUES (49, 17, 'Skeletons Fighting Over a Pickled Herring', 'https://artist-eyes.obs.cn-south-1.myhuaweicloud.com/artist/James%20Ensor/info/1.png', NULL, NULL, NULL);
INSERT INTO `artworks` VALUES (50, 17, 'Christ’s Entry Into Brussels in 1889', 'https://artist-eyes.obs.cn-south-1.myhuaweicloud.com/artist/James%20Ensor/info/2.png', NULL, NULL, NULL);
INSERT INTO `artworks` VALUES (51, 17, 'Self-Portrait with Masks', 'https://artist-eyes.obs.cn-south-1.myhuaweicloud.com/artist/James%20Ensor/info/3.png', NULL, NULL, NULL);
INSERT INTO `artworks` VALUES (52, 18, 'The Wood Sawyers', 'https://artist-eyes.obs.cn-south-1.myhuaweicloud.com/artist/Jean-François%20Millet/info/1.png', NULL, NULL, NULL);
INSERT INTO `artworks` VALUES (53, 18, 'The Gleaners', 'https://artist-eyes.obs.cn-south-1.myhuaweicloud.com/artist/Jean-François%20Millet/info/2.png', NULL, NULL, NULL);
INSERT INTO `artworks` VALUES (54, 18, 'Death and the woodcutter', 'https://artist-eyes.obs.cn-south-1.myhuaweicloud.com/artist/Jean-François%20Millet/info/3.png', NULL, NULL, NULL);
INSERT INTO `artworks` VALUES (55, 19, 'The Farm', 'https://artist-eyes.obs.cn-south-1.myhuaweicloud.com/artist/Joan%20Miró/info/1.png', NULL, NULL, NULL);
INSERT INTO `artworks` VALUES (56, 19, 'Maternity', 'https://artist-eyes.obs.cn-south-1.myhuaweicloud.com/artist/Joan%20Miró/info/2.png', NULL, NULL, NULL);
INSERT INTO `artworks` VALUES (57, 19, 'Painting', 'https://artist-eyes.obs.cn-south-1.myhuaweicloud.com/artist/Joan%20Miró/info/3.png', NULL, NULL, NULL);
INSERT INTO `artworks` VALUES (58, 20, 'Weymouth Bay with Jordan Hill', 'https://artist-eyes.obs.cn-south-1.myhuaweicloud.com/artist/John%20Constable/info/1.png', NULL, NULL, NULL);
INSERT INTO `artworks` VALUES (59, 20, 'Flatford Mill', 'https://artist-eyes.obs.cn-south-1.myhuaweicloud.com/artist/John%20Constable/info/2.png', NULL, NULL, NULL);
INSERT INTO `artworks` VALUES (60, 20, 'Stonehenge', 'https://artist-eyes.obs.cn-south-1.myhuaweicloud.com/artist/John%20Constable/info/3.png', NULL, NULL, NULL);
INSERT INTO `artworks` VALUES (61, 21, 'Mona Lisa', 'https://artist-eyes.obs.cn-south-1.myhuaweicloud.com/artist/Leonardo%20da%20Vinci/info/1.png', NULL, NULL, NULL);
INSERT INTO `artworks` VALUES (62, 21, 'The Madonna of the Carnation', 'https://artist-eyes.obs.cn-south-1.myhuaweicloud.com/artist/Leonardo%20da%20Vinci/info/2.png', NULL, NULL, NULL);
INSERT INTO `artworks` VALUES (63, 21, 'The Lady with an Ermine (Cecilia Gallerani)', 'https://artist-eyes.obs.cn-south-1.myhuaweicloud.com/artist/Leonardo%20da%20Vinci/info/3.png', NULL, NULL, NULL);
INSERT INTO `artworks` VALUES (64, 22, 'Yellow, Cherry, Orange', 'https://artist-eyes.obs.cn-south-1.myhuaweicloud.com/artist/Mark%20Rothko/info/1.png', NULL, NULL, NULL);
INSERT INTO `artworks` VALUES (65, 22, 'Rothko Chapel', 'https://artist-eyes.obs.cn-south-1.myhuaweicloud.com/artist/Mark%20Rothko/info/2.png', NULL, NULL, NULL);
INSERT INTO `artworks` VALUES (66, 22, 'No. 2 (No. 7 and No. 2)', 'https://artist-eyes.obs.cn-south-1.myhuaweicloud.com/artist/Mark%20Rothko/info/3.png', NULL, NULL, NULL);
INSERT INTO `artworks` VALUES (67, 23, 'Children Playing On The Beach', 'https://artist-eyes.obs.cn-south-1.myhuaweicloud.com/artist/Mary%20Cassatt/info/1.png', NULL, NULL, NULL);
INSERT INTO `artworks` VALUES (68, 23, 'The Bath', 'https://artist-eyes.obs.cn-south-1.myhuaweicloud.com/artist/Mary%20Cassatt/info/2.png', NULL, NULL, NULL);
INSERT INTO `artworks` VALUES (69, 23, 'Summertime', 'https://artist-eyes.obs.cn-south-1.myhuaweicloud.com/artist/Mary%20Cassatt/info/3.png', NULL, NULL, NULL);
INSERT INTO `artworks` VALUES (70, 24, 'The Creation of Adam', 'https://artist-eyes.obs.cn-south-1.myhuaweicloud.com/artist/Michelangelo/info/1.png', NULL, NULL, NULL);
INSERT INTO `artworks` VALUES (71, 24, 'Adam and Eve', 'https://artist-eyes.obs.cn-south-1.myhuaweicloud.com/artist/Michelangelo/info/2.png', NULL, NULL, NULL);
INSERT INTO `artworks` VALUES (72, 24, 'The Conversion of Saul', 'https://artist-eyes.obs.cn-south-1.myhuaweicloud.com/artist/Michelangelo/info/3.png', NULL, NULL, NULL);
INSERT INTO `artworks` VALUES (73, 25, 'Knight Errant (Self-Portrait)', 'https://artist-eyes.obs.cn-south-1.myhuaweicloud.com/artist/Oskar%20Kokoschka/info/1.png', NULL, NULL, NULL);
INSERT INTO `artworks` VALUES (74, 25, 'Bride of the Wind', 'https://artist-eyes.obs.cn-south-1.myhuaweicloud.com/artist/Oskar%20Kokoschka/info/2.png', NULL, NULL, NULL);
INSERT INTO `artworks` VALUES (75, 25, 'Augustus Bridge - Dresden', 'https://artist-eyes.obs.cn-south-1.myhuaweicloud.com/artist/Oskar%20Kokoschka/info/3.png', NULL, NULL, NULL);
INSERT INTO `artworks` VALUES (76, 26, 'Figures at the Seaside', 'https://artist-eyes.obs.cn-south-1.myhuaweicloud.com/artist/Pablo%20Picasso/info/1.png', NULL, NULL, NULL);
INSERT INTO `artworks` VALUES (77, 26, 'The girls of Avignon', 'https://artist-eyes.obs.cn-south-1.myhuaweicloud.com/artist/Pablo%20Picasso/info/2.png', NULL, NULL, NULL);
INSERT INTO `artworks` VALUES (78, 26, 'Guernica', 'https://artist-eyes.obs.cn-south-1.myhuaweicloud.com/artist/Pablo%20Picasso/info/3.png', NULL, NULL, NULL);
INSERT INTO `artworks` VALUES (79, 27, 'Chateau Noir', 'https://artist-eyes.obs.cn-south-1.myhuaweicloud.com/artist/Paul%20Cezanne/info/1.png', NULL, NULL, NULL);
INSERT INTO `artworks` VALUES (80, 27, 'The Card Players', 'https://artist-eyes.obs.cn-south-1.myhuaweicloud.com/artist/Paul%20Cezanne/info/2.png', NULL, NULL, NULL);
INSERT INTO `artworks` VALUES (81, 27, 'Mont Sainte-Victoire', 'https://artist-eyes.obs.cn-south-1.myhuaweicloud.com/artist/Paul%20Cezanne/info/3.png', NULL, NULL, NULL);
INSERT INTO `artworks` VALUES (82, 28, 'Self Portrait with Halo and Snake', 'https://artist-eyes.obs.cn-south-1.myhuaweicloud.com/artist/Paul%20Gauguin/info/1.png', NULL, NULL, NULL);
INSERT INTO `artworks` VALUES (83, 28, 'Yellow Christ', 'https://artist-eyes.obs.cn-south-1.myhuaweicloud.com/artist/Paul%20Gauguin/info/2.png', NULL, NULL, NULL);
INSERT INTO `artworks` VALUES (84, 28, 'Where Do We Come From? What Are We? Where Are We Going?', 'https://artist-eyes.obs.cn-south-1.myhuaweicloud.com/artist/Paul%20Gauguin/info/3.png', NULL, NULL, NULL);
INSERT INTO `artworks` VALUES (85, 29, 'Cat and Bird', 'https://artist-eyes.obs.cn-south-1.myhuaweicloud.com/artist/Paul%20Klee/info/1.png', NULL, NULL, NULL);
INSERT INTO `artworks` VALUES (86, 29, 'Senecio', 'https://artist-eyes.obs.cn-south-1.myhuaweicloud.com/artist/Paul%20Klee/info/2.png', NULL, NULL, NULL);
INSERT INTO `artworks` VALUES (87, 29, 'Temple Gardens', 'https://artist-eyes.obs.cn-south-1.myhuaweicloud.com/artist/Paul%20Klee/info/3.png', NULL, NULL, NULL);
INSERT INTO `artworks` VALUES (88, 30, 'Samson and Delilah', 'https://artist-eyes.obs.cn-south-1.myhuaweicloud.com/artist/Peter%20Paul%20Rubens/info/1.png', NULL, NULL, NULL);
INSERT INTO `artworks` VALUES (89, 30, 'Hippopotamus and Crocodile Hunt', 'https://artist-eyes.obs.cn-south-1.myhuaweicloud.com/artist/Peter%20Paul%20Rubens/info/2.png', NULL, NULL, NULL);
INSERT INTO `artworks` VALUES (90, 30, 'Massacre of the Innocents', 'https://artist-eyes.obs.cn-south-1.myhuaweicloud.com/artist/Peter%20Paul%20Rubens/info/3.png', NULL, NULL, NULL);
INSERT INTO `artworks` VALUES (91, 31, 'Camille Monet and Her Son Jean in the Garden at Argenteuil', 'https://artist-eyes.obs.cn-south-1.myhuaweicloud.com/artist/Pierre-Auguste%20Renoir/info/1.png', NULL, NULL, NULL);
INSERT INTO `artworks` VALUES (92, 31, 'Jeanne Samary in a Low Necked Dress', 'https://artist-eyes.obs.cn-south-1.myhuaweicloud.com/artist/Pierre-Auguste%20Renoir/info/2.png', NULL, NULL, NULL);
INSERT INTO `artworks` VALUES (93, 31, 'By the Seashore', 'https://artist-eyes.obs.cn-south-1.myhuaweicloud.com/artist/Pierre-Auguste%20Renoir/info/3.png', NULL, NULL, NULL);
INSERT INTO `artworks` VALUES (94, 32, 'The Sistine Madonna', 'https://artist-eyes.obs.cn-south-1.myhuaweicloud.com/artist/Raphael/info/1.png', NULL, NULL, NULL);
INSERT INTO `artworks` VALUES (95, 32, 'The School of Athens', 'https://artist-eyes.obs.cn-south-1.myhuaweicloud.com/artist/Raphael/info/2.png', NULL, NULL, NULL);
INSERT INTO `artworks` VALUES (96, 32, 'The Three Graces', 'https://artist-eyes.obs.cn-south-1.myhuaweicloud.com/artist/Raphael/info/3.png', NULL, NULL, NULL);
INSERT INTO `artworks` VALUES (97, 33, 'The Nightwatch', 'https://artist-eyes.obs.cn-south-1.myhuaweicloud.com/artist/Rembrandt/info/1.png', NULL, NULL, NULL);
INSERT INTO `artworks` VALUES (98, 33, 'The Storm on the Sea of Galilee', 'https://artist-eyes.obs.cn-south-1.myhuaweicloud.com/artist/Rembrandt/info/2.png', NULL, NULL, NULL);
INSERT INTO `artworks` VALUES (99, 33, 'Belshazzar’s Feast', 'https://artist-eyes.obs.cn-south-1.myhuaweicloud.com/artist/Rembrandt/info/3.png', NULL, NULL, NULL);
INSERT INTO `artworks` VALUES (100, 34, 'The Blue Boy ', 'https://artist-eyes.obs.cn-south-1.myhuaweicloud.com/artist/Thomas%20Gainsborough/info/1.png', NULL, NULL, NULL);
INSERT INTO `artworks` VALUES (101, 34, 'Mr. and Mrs. Andrews', 'https://artist-eyes.obs.cn-south-1.myhuaweicloud.com/artist/Thomas%20Gainsborough/info/2.png', NULL, NULL, NULL);
INSERT INTO `artworks` VALUES (102, 34, 'Seashore with Fishermen', 'https://artist-eyes.obs.cn-south-1.myhuaweicloud.com/artist/Thomas%20Gainsborough/info/3.png', NULL, NULL, NULL);
INSERT INTO `artworks` VALUES (103, 35, 'Flowers of Edo (Left)', 'https://artist-eyes.obs.cn-south-1.myhuaweicloud.com/artist/Utagawa%20Kuniyoshi/info/1.png', NULL, NULL, NULL);
INSERT INTO `artworks` VALUES (104, 35, 'Kuroda Ukinaga, Japanese actor', 'https://artist-eyes.obs.cn-south-1.myhuaweicloud.com/artist/Utagawa%20Kuniyoshi/info/2.png', NULL, NULL, NULL);
INSERT INTO `artworks` VALUES (105, 35, 'High Noon at Kasumigaseki', 'https://artist-eyes.obs.cn-south-1.myhuaweicloud.com/artist/Utagawa%20Kuniyoshi/info/3.png', NULL, NULL, NULL);
INSERT INTO `artworks` VALUES (106, 36, 'Self Portrait with Bandaged Ear', 'https://artist-eyes.obs.cn-south-1.myhuaweicloud.com/artist/Vincent%20Willem%20van%20Gogh/info/1.png', NULL, NULL, NULL);
INSERT INTO `artworks` VALUES (107, 36, 'Still Life - Vase with Fifteen Sunflowers', 'https://artist-eyes.obs.cn-south-1.myhuaweicloud.com/artist/Vincent%20Willem%20van%20Gogh/info/2.png', NULL, NULL, NULL);
INSERT INTO `artworks` VALUES (108, 36, 'The Starry Night', 'https://artist-eyes.obs.cn-south-1.myhuaweicloud.com/artist/Vincent%20Willem%20van%20Gogh/info/3.png', NULL, NULL, NULL);
INSERT INTO `artworks` VALUES (109, 37, 'Composition IV', 'https://artist-eyes.obs.cn-south-1.myhuaweicloud.com/artist/Wassily%20Kandinsky/info/1.png', NULL, NULL, NULL);
INSERT INTO `artworks` VALUES (110, 37, 'Composition VI', 'https://artist-eyes.obs.cn-south-1.myhuaweicloud.com/artist/Wassily%20Kandinsky/info/2.png', NULL, NULL, NULL);
INSERT INTO `artworks` VALUES (111, 37, 'Yellow-Red-Blue', 'https://artist-eyes.obs.cn-south-1.myhuaweicloud.com/artist/Wassily%20Kandinsky/info/3.png', NULL, NULL, NULL);

-- ----------------------------
-- Table structure for fusions
-- ----------------------------
DROP TABLE IF EXISTS `fusions`;
CREATE TABLE `fusions`  (
  `id` int UNSIGNED NOT NULL AUTO_INCREMENT,
  `user_id` int UNSIGNED NOT NULL COMMENT '用户外键',
  `phase_id` int NOT NULL COMMENT '阶段外键id',
  `draft` varchar(255) CHARACTER SET utf8mb4 COLLATE utf8mb4_0900_ai_ci NULL DEFAULT NULL COMMENT '用户草稿图片路径',
  `time` datetime NULL DEFAULT NULL ON UPDATE CURRENT_TIMESTAMP COMMENT '用户上传草稿时间',
  PRIMARY KEY (`id`) USING BTREE,
  INDEX `fusion_user`(`user_id` ASC) USING BTREE,
  INDEX `fusion_period`(`phase_id` ASC) USING BTREE,
  CONSTRAINT `fusion_period` FOREIGN KEY (`phase_id`) REFERENCES `phases` (`id`) ON DELETE CASCADE ON UPDATE CASCADE,
  CONSTRAINT `fusion_user` FOREIGN KEY (`user_id`) REFERENCES `users` (`id`) ON DELETE CASCADE ON UPDATE CASCADE
) ENGINE = InnoDB CHARACTER SET = utf8mb4 COLLATE = utf8mb4_0900_ai_ci ROW_FORMAT = Dynamic;

-- ----------------------------
-- Records of fusions
-- ----------------------------

-- ----------------------------
-- Table structure for phases
-- ----------------------------
DROP TABLE IF EXISTS `phases`;
CREATE TABLE `phases`  (
  `id` int NOT NULL AUTO_INCREMENT,
  `artist_id` int UNSIGNED NOT NULL COMMENT '艺术家外键',
  `phase` varchar(255) CHARACTER SET utf8mb4 COLLATE utf8mb4_0900_ai_ci NULL DEFAULT NULL COMMENT '阶段时期',
  `name` varchar(255) CHARACTER SET utf8mb4 COLLATE utf8mb4_0900_ai_ci NULL DEFAULT NULL COMMENT '阶段名称',
  `introduction` varchar(255) CHARACTER SET utf8mb4 COLLATE utf8mb4_0900_ai_ci NULL DEFAULT NULL COMMENT '阶段介绍',
  `background` varchar(255) CHARACTER SET utf8mb4 COLLATE utf8mb4_0900_ai_ci NULL DEFAULT NULL COMMENT '阶段代表作背景',
  `style` varchar(255) CHARACTER SET utf8mb4 COLLATE utf8mb4_0900_ai_ci NULL DEFAULT NULL COMMENT '阶段代表作风格',
  `theme` varchar(255) CHARACTER SET utf8mb4 COLLATE utf8mb4_0900_ai_ci NULL DEFAULT NULL COMMENT '阶段代表作主题',
  `meaning` varchar(255) CHARACTER SET utf8mb4 COLLATE utf8mb4_0900_ai_ci NULL DEFAULT NULL COMMENT '阶段意义',
  `artwork` varchar(255) CHARACTER SET utf8mb4 COLLATE utf8mb4_0900_ai_ci NULL DEFAULT NULL COMMENT '阶段代表作名称',
  PRIMARY KEY (`id`) USING BTREE,
  INDEX `period_artist`(`artist_id` ASC) USING BTREE,
  CONSTRAINT `period_artist` FOREIGN KEY (`artist_id`) REFERENCES `artists` (`id`) ON DELETE CASCADE ON UPDATE CASCADE
) ENGINE = InnoDB AUTO_INCREMENT = 1 CHARACTER SET = utf8mb4 COLLATE = utf8mb4_0900_ai_ci ROW_FORMAT = Dynamic;

-- ----------------------------
-- Records of phases
-- ----------------------------
INSERT INTO `phases` VALUES (1, 1, '1860年代末 - 1870年代初', '初期阶段', '在这一阶段，西斯莱开始形成自己的艺术风格，受到同期印象派艺术家如莫奈和雷诺阿的影响。他专注于描绘自然景观，特别是河流和乡村场景。', 'Avenue of Chestnut Trees near La Celle Saint Cloud 是Alfred Sisley在1865年创作的一幅作品。这幅画展示了法国La Celle-Saint-Cloud附近的栗树林道。Sisley的这幅作品体现了他对自然风景的深刻洞察力，同时也反映了那个时代艺术家们对户外绘画的热情', 'Sisley的这幅作品属于印象派风格前期的现实主义风格。画中的树木和道路通过碎片化的笔触和对光线及色彩的敏感处理，展现了自然景观的瞬间美。这种风格后来演变为Sisley标志性的印象派风格，特别是他在户外绘画时对光线和色彩的捕捉​', '这幅画不仅是对自然景观的描绘，还隐含了对时代变迁的思考。画中的栗树林道曾是皇家狩猎场，这一细节可能暗示了对过去与现在的对比，反映了社会变革对环境和传统的影响。此外，Sisley通过这幅作品传达了对自然美的欣赏和对简单生活方式的向往', '这一时期对西斯莱来说是技术和视觉表现方式的探索期，他开始摆脱传统的绘画风格，寻找个人的艺术语言。', 'Avenue of Chestnut Trees near La Celle Saint Cloud');
INSERT INTO `phases` VALUES (2, 1, '1870年代 - 1880年代', '成熟期', '西斯莱的画风趋于成熟，开始形成独特的个人风格。他的作品在描绘水面反射和天空光影变化上表现出高超的技术。', 'Flood at Port Marly是Alfred Sisley在1876年创作的一系列作品中的一部分。这些作品描绘了塞纳河在Port-Marly地区的洪水。Sisley在1875年搬到了Marly-le-Roi，并目睹了1876年春季的大洪水。他在这一系列中记录了从水位上升到河水回归正常的各个阶段。这些作品不仅是视觉上的记录，也体现了Sisley对光影和颜色的敏感运用​。', 'Sisley的这些作品采用了印象派风格，通过精致的色彩和细腻的笔触捕捉瞬息万变的光影效果。特别是在描绘洪水时，他使用了蓝色和黑色的色彩组合，这在当时的印象派画家中颇为罕见。画作中的不稳定构图，如画面左侧房屋的立面，增强了场景的动态感，表达了自然界的不可预测性和强大力量​', '这些作品主题聚焦于自然灾害的影响和美学表现。通过描绘洪水泛滥的Port-Marly，Sisley探索了自然界的力量与美丽，并表现了人类在自然面前的渺小。他通过这一系列作品，尤其是通过对光影和水面反射的精细描绘，传达了对生活环境深刻的观察和感受', '这一时期是西斯莱艺术生涯的巅峰，他的作品在印象派中独树一帜，特别是在描绘法国乡村和小镇风景上成就显著。', 'Flood at Port Marly');
INSERT INTO `phases` VALUES (3, 1, '1890年代 - 1899年', '晚期', '尽管面临个人生活的困境，西斯莱的作品色彩更加丰富深邃，表达了更多的抒情和内省情感。', 'Moret sur Loing是Alfred Sisley在1888年和1891年创作的一系列风景画。Sisley选择了法国Moret-sur-Loing这个风景如画的小镇作为他的创作地点，此地距离巴黎约一小时车程。Sisley在此地的作品捕捉了河流、桥梁和传统建筑的宁静美景，展现了他对这个地区自然和建筑美的深刻感受​', 'Sisley的\"Moret sur Loing\"系列作品展现了典型的印象派风格，使用了散射的光线和色彩来表现自然的动态和光影效果。他在画作中运用了细腻的笔触和色彩对比，尤其擅长描绘水面和天空的反射，使画作呈现出一种生动而动态的视觉效果​ ', '艺术作品创作主题:Sisley的这些作品主要聚焦于自然风景和小镇的宁静生活。通过对Moret-sur-Loing河流和桥梁的描绘，Sisley传达了对自然界和平凡生活美好瞬间的珍视。这些画作不仅是对自然美景的赞美，也反映了艺术家对生活环境的深刻理解和情感投入', '西斯莱在晚期的作品中展现了深刻的艺术探索精神和对美的不懈追求，他的风景画对后来的艺术家，尤其是风景画家产生了深远的影响。', 'Moret sur Loing');
INSERT INTO `phases` VALUES (4, 2, '1850年代 - 1870年代初', '初期阶段', '毕沙罗的早期作品深受古典主义和巴比松派的影响，专注于乡村和城市风景，展现出对自然光影和色彩的精细捕捉。', 'Road from Osny to Pontoise, Hoar Frost 是Camille Pissarro在1873年创作的一幅作品。这幅画描述了从Osny到Pontoise的道路在严寒霜冻中的景象。Pissarro选择在冬季的霜冻环境中描绘乡村景观，通过这种方式探索自然光和色彩的微妙变化​ ', '这幅作品是印象派风格，Pissarro通过散射的光线和色彩捕捉冬日的霜冻效果。他使用冷色调来强调寒冷的天气，同时运用松散和动态的笔触表现光影在自然景观中的变化。这种风格展示了Pissarro在描绘户外自然场景中的技巧和对光影效果的敏感捕捉', '这幅画的主题集中于展示自然界的静谧与和谐，以及人与自然环境之间的互动。Pissarro通过这幅画传达了对自然美的深刻欣赏和对农村生活的敬意。画中的道路引领观者的视线深入画面，象征着向自然世界的深入探索和对未知的好奇​', '这一时期对毕沙罗来说是探索和技术积累的阶段，他在此期间建立了与未来的印象派艺术家们的联系。', 'Road from Osny to Pontoise, Hoar Frost');
INSERT INTO `phases` VALUES (5, 2, '1870年代 - 1880年代', '成熟期', '毕沙罗在这一阶段全面拥抱了印象派技术，特别是户外写生，强调光线和色彩的即时捕捉。他的画作特点是使用明亮的色彩和松散的笔触。', 'The Côte des Boeufs at L’Hermitage 是由Camille Pissarro在1877年创作的，位于他居住地附近的一个小山坡上，这一地点给了他灵感和便利来描绘自然风景。这幅画展示了Pissarro对于自然环境的深刻理解和他的居住地周边的乡村风光​ ', '该作品展示了Pissarro的印象派风格，特别是在使用光线和色彩来捕捉自然场景的瞬间变化方面。他运用细腻的笔触和丰富的色彩层次，通过精细的树木和建筑的描绘，展现了一种深度和结构感，这在当时的印象派中较为少见', '这幅画不仅仅是对自然美景的描绘，更是Pissarro对乡村生活的赞美。通过展现L’Hermitage的宁静生活和自然景观，Pissarro传达了对简单生活方式的向往和对工业化前乡村纯朴生活的怀念', '这一阶段是毕沙罗艺术成就的顶峰，他的作品在印象派展览中受到高度评价，并对同代和后来的艺术家产生深远影响。', 'The Cote des Boeufs at l’Hermitage, near Pontoise');
INSERT INTO `phases` VALUES (6, 2, '1890年代 - 1903年', '晚期及新印象派阶段', '毕沙罗在晚期开始实验新印象派技术，如点彩法，这种技术强调颜色的科学分离，使画面更加明亮和生动。', 'Boulevard Montmartre, Morning, Grey Weather 是Camille Pissarro于1897年创作的油画作品，描绘了巴黎蒙马特大街的一个阴沉的早晨。这是Pissarro在巴黎一系列街景画作中的一部分，展现了城市生活的瞬间', '该作品体现了印象派风格，特别是在捕捉光线和气氛的变化上。Pissarro通过细腻的笔触和色彩层次，描绘了街道上的行人和车辆，传达了早晨特有的静谧与活力​ ', '这幅画不仅仅是对巴黎街头的视觉记录，更深层地探讨了都市景观中的人文关系和日常生活的节奏。通过这种日常场景的描绘，Pissarro传达了对现代城市生活的观察与思考​ ', '在毕沙罗的晚年，他继续创新和探索新的绘画技术，这反映了他对绘画艺术持续的热情和不断的实验精神。', 'Boulevard Montmartre Morning, Grey Weather');
INSERT INTO `phases` VALUES (7, 3, '1590年代初 - 1595年', '初期阶段', '卡拉瓦乔在这一阶段主要作品为风俗画和宗教画，这些画作通常展示了对人物生动表现的探索以及对光影强烈对比的早期实验。', 'Boy with a Basket of Fruit 是由意大利画家Caravaggio在1593年左右创作的。这幅画是Caravaggio到罗马发展早期的作品，描绘了他的朋友、16岁的西西里画家Mario Minniti作为模特的画像。这幅作品最初属于画家Cavalier d’Arpino，后来被卡迪纳尔Scipione Borghese没收。这幅画反映了Caravaggio早期对静物画的探索​', '这幅画采用了写实主义风格，Caravaggio以其标志性的光影对比（chiaroscuro）技法，突出了画中青年和果篮的细节。画中的水果和叶子描绘得异常逼真，通过细致的观察，可以看出各种水果和叶片的自然状态和质感​', '此画不仅展示了Caravaggio在绘画技巧上的精湛技艺，也深刻表达了对生命易逝的感慨。画中丰盛的水果象征青春和生命的旺盛，而这种旺盛与画中青年的青涩相映成趣，同时也暗示了青春和生命的短暂和易逝​', '这一时期的作品显示了卡拉瓦乔对细节的深刻洞察力以及他对传统主题的独特视角，开始吸引罗马艺术界的注意。', 'Boy with a Basket of Fruit');
INSERT INTO `phases` VALUES (8, 3, '1595年 - 1606年', '成熟期', '这是卡拉瓦乔艺术生涯的高峰期，他的画作以深刻的情感表达、戏剧性的光影运用和对人物心理状态的精准捕捉而著称。', 'The Calling of Saint Matthew 是Caravaggio于1599-1600年为罗马San Luigi dei Francesi教堂的Contarelli小堂创作的。这幅作品是根据马修福音书中的一个场景，描绘耶稣召唤税吏马太成为他的门徒。这是Caravaggio接受的重要的教堂委托之一，显示了他的戏剧化照明和现实主义风格，这与之前的风格形成了鲜明对比', '这幅画采用了明暗对比强烈的技法，突出了圣马太惊讶的表情和他的指向动作，这种风格后来被称为tenebrism。光线从画面右侧投射进来，照亮了人物的脸庞，增强了画面的戏剧效果。Caravaggio通过这种技法，有效地传达了神圣介入凡人世界的瞬间', '这幅画不仅描绘了圣马太被召唤的场景，还通过画面中的人物表情和动作，探讨了信仰的力量和个人转变的时刻。画中的马太是一个税吏，象征着世俗和物质主义，而耶稣的召唤则代表了向精神和宗教生活的转变​', '这一阶段的作品对巴洛克艺术的形成有重大影响，特别是他对光与影的运用，为后来的艺术家如雷布朗和伦勃朗等提供了重要的视觉和技术参考。', 'Calling of Saint Matthew');
INSERT INTO `phases` VALUES (9, 3, '1606年 - 1610年', '晚期及流亡时期', '在罗马因一场致命的斗殴而被迫逃离后，卡拉瓦乔的风格开始显示更加深沉和自省的趋势。他的作品中的光影对比更加激烈，情感表达更加复杂。', 'The Beheading of Saint John the Baptist 是Caravaggio于1608年在马耳他创作的，这幅画是为圣约翰联合教堂的祭坛画而作，也是Caravaggio唯一一幅有签名的作品。这幅巨大的画作是Caravaggio在逃离罗马后接受的重要委托，标志着他艺术风格的一个转变时期。这幅作品不仅为他赢得了艺术界的赞誉，也因其尺寸之大和主题之重而成为讨论的焦点​', '这幅画使用了Caravaggio标志性的明暗对比技法（chiaroscuro），通过强烈的光线和阴影对比增强了画面的戏剧性。画中的红色和暖黄色调增添了作品的情感强度，而且巧妙地运用空间和比例，使得场景中的人物显得生动而真实。Caravaggio的这幅作品展示了他对光影的精湛掌控以及对人物情感的深刻刻画​ ', '这幅作品描绘了圣约翰被斩首的一刻，涉及强烈的宗教和道德主题。画中，Salome等待着接过圣约翰的首级，而旁边的囚犯和旁观者则反映出各种复杂的情感。Caravaggio的签名被置于流出的血液中，这种个人化的元素可能寓意着画家与这幅画中的烈士身份有某种形式的认同，同时也体现了他个人命运的悲剧色彩', '晚期作品展示了卡拉瓦乔对个人风格的极致追求，同时也反映了他不断逃避的动荡生活对其艺术的影响。', 'Beheading of Saint John the Baptist');
INSERT INTO `phases` VALUES (10, 4, '1860年代 - 1870年代初', '初期阶段', '莫奈的早期作品展现了他对户外写生的兴趣和对自然光影的敏感捕捉。这一时期，他开始尝试捕捉不同时间和气候条件下的光线变化。', 'Impression, Sunrise 由Claude Monet于1872年创作，描绘了他的家乡勒阿弗尔港口的日出景象。这幅画是在Monet对光和颜色进行了一系列实验后完成的，这些实验包括从不同的时间和视角捕捉港口的景象。这幅作品在1874年的第一次印象派展览中首次展出，并因此画而使“印象派”这一术语得名​ ', 'Monet在这幅作品中采用了典型的印象派风格，通过松散和动态的笔触捕捉早晨的光线和大气。画中的色彩以冷暖对比明显的蓝灰色和橙色为主，这种色彩使用不仅增强了画面的光影效果，还强调了日出时分的短暂和瞬间美', '这幅画不仅是对自然景观的描绘，更是对工业化进程中的勒阿弗尔港口的一种艺术反映。Monet通过这幅画表达了对勒阿弗尔这个商业繁忙的港口的观察，以及对新兴工业化景观的艺术呈现。此外，这幅画也象征着法国在普法战争后的复兴和再生', '在这一阶段，莫奈与其他艺术家共同展开了印象派运动，这是对传统绘画技术的一次革新尝试，特别是在对光和色彩处理上的革新。', 'Impression, sunrise');
INSERT INTO `phases` VALUES (11, 4, '1870年代 - 1890年代', '成熟期', '莫奈的成熟期作品更加聚焦于光影的变化和自然景观的季节性变化。他开始进行系列画作，如同一景物不同时间的画作，展现细微变化的美感。', 'Woman with a Parasol - Madame Monet and Her Son 是Claude Monet在1875年创作的，描绘了他的妻子Camille和他们的儿子Jean在一个风和日丽的日子里散步的情景。这幅画反映了印象派艺术家对户外光线和色彩变化的兴趣，同时也展示了Monet对家庭生活的深情描绘。这幅作品首次在1876年的第二次印象派展览中向公众展示，展示了Monet对光和颜色的精湛掌握', 'Monet在这幅作品中使用了快速和自由的笔触来捕捉瞬间的光线和动感，这是印象派风格的典型特征。画中的色彩明亮且对比强烈，尤其是Camille的白色裙装和天空的蓝色形成了鲜明的视觉效果。整个画面充满了动感和生活气息，体现了Monet对户外场景即兴描绘的独特能力​', '这幅画不仅是Monet家庭生活的一个片段，也象征着当时女性角色的变化。Camille在画中被描绘为一个独立和自信的女性形象，这反映了当时法国女性权利运动的兴起。此外，通过描绘日常的家庭活动，Monet探讨了个人与自然环境之间的和谐关系，以及光影如何塑造我们看待世界的方式​', '莫奈的这一阶段标志着他对印象派理念的深化和完善，通过系列画作，他探索了视觉感知与自然界变动之间的微妙关系。', 'The Promenade, Woman with a Parasol');
INSERT INTO `phases` VALUES (12, 4, '1890年代 - 1926年', '晚期', '晚年的莫奈几乎完全专注于他的睡莲系列，这些作品更加抽象，更注重色彩和光影的层次，几乎忽略了形式的界限。', 'Water Lily Pond 是Claude Monet在1899年创作的一系列作品中的一部分，展示了他在吉维尼家园的莲花池。Monet购买了这块地并转变成一个带有日式桥梁的水池，用以捕捉水面和光影的效果。这一系列作品反映了他对自然美景的深刻观察以及对画面氛围和情感的精细捕捉', '这些作品采用了印象派的风格，特征是快速而自由的笔触，以及对光和色彩的敏感捕捉。Monet通过这些画作探索了光影在水面上的变化，以及花卉和反射在水面上的天空的视觉效果。作品中的色彩丰富而细腻，以水莲的黄色、粉色、白色和绿色为主，形成了一种既有深度又具抽象美感的视觉体验​ ', 'Monet的这些作品不仅是对自然美的描绘，更深层次地表达了艺术家与自然和谐共处的理念。通过精心设计的园林和精确捕捉的自然光，Monet展现了自然界的宁静与和谐。这些画作体现了他对生活环境的热爱以及通过艺术表达对美的不懈追求​ ', '莫奈的晚期作品展示了他对自然美学的极致追求，这些作品不仅是他个人风格的巅峰，也对现代艺术，尤其是抽象表现主义产生了深远的影响。', 'Water Lily Pond');
INSERT INTO `phases` VALUES (13, 5, '1860年代初 - 1870年代初', '初期阶段', '这一阶段德加的作品受到传统学院派的影响，专注于历史题材和肖像画，同时也展现了对人物精细描绘的兴趣。', 'The Bellelli Family是埃德加·德加在意大利学习期间创作的作品。画中的人物是他的姑姑劳拉、她的丈夫贝莱利男爵以及他们的两个女儿。画作反映了德加姑姑一家在佛罗伦萨的生活，展现了家庭成员之间的情感距离和疏离感。这幅作品体现了德加的早期风格和对人物心理的深刻描绘​', '\"The Bellelli Family\"采用了历史画的大尺幅来展示家庭肖像，使其具有戏剧性和心理深度。画中的人物布局和表情管理揭示了家庭成员之间的紧张关系和情感隔阂。德加的绘画风格在此作中呈现出对细节的精确捕捉和对复杂家庭关系的深刻理解​', '此作品主题围绕家庭关系的复杂性和个体情感的孤立。通过对姑姑劳拉及其家庭成员的刻画，德加探讨了家庭内部的情感疏离和社会身份的影响。画作中的空间处理和人物间的距离感加强了这种心理张力的表现​', '这一阶段的德加展示了他对人物情感和家庭关系的深刻洞察，以及他在构图和细节处理上的精确技巧。', 'The Bellelli Family');
INSERT INTO `phases` VALUES (14, 5, '1870年代 - 1880年代', '成熟期', '德加开始关注于描绘巴黎生活的各个侧面，特别是芭蕾舞者、赛马和日常生活场景。他对动态的捕捉和对非传统角度的探索是这一时期的显著特征。', 'The Dance Class是由埃德加·德加在1874年为歌剧男中音让-巴蒂斯特·福尔创作的。这幅画最初是为第一次印象派展览准备的，虽然实际上在两年后的展览中才展出。画中描绘的是一群芭蕾舞女在芭蕾舞教室中的一次考试，由著名的芭蕾舞大师朱尔·佩罗指导​ ', '德加的这幅作品展示了他对运动和服装的深刻兴趣。与其他印象派画家不同，德加喜欢描绘人物在非表演状态下的自然姿态，如练习、休息或调整服装的场景。这种对日常简单动作的关注揭示了他对现实生活的深刻洞察', '德加在《舞蹈课》中去除了芭蕾舞的幻想和诗意，转而展示了背后的辛勤训练和乏味的现实。通过对舞蹈学生的描绘，德加探索了美的形成过程以及艺术与劳动之间的关系​', '德加在这一阶段创造了许多经典作品，特别是关于芭蕾舞者的系列，展示了他对动作和姿态的精湛捕捉能力以及对光影和颜色的独到见解。', 'The Dance Class');
INSERT INTO `phases` VALUES (15, 5, '1890年代 - 1912年', '晚期', '德加的视力开始下降，他的作品趋向于更加简化和抽象。这一时期他也更多地涉足雕塑和粉彩作品，使用更为大胆的颜色和线条。', 'Little Dancer Aged Fourteen 是埃德加·德加在1878至1881年间创作的唯一一件在其生前公开展出的雕塑。德加选择了巴黎歌剧院芭蕾舞学校的学生玛丽·范·戈特姆作为模特。这件作品首次亮相是在1881年的印象派展览上，引起了广泛的讨论和争议', '德加在这件雕塑中采用了颜色染过的蜡和真实的布料（如芭蕾舞裙和丝带）来创作，这种使用真实材料的方法在当时被认为是非常创新的。这件作品展示了德加对动态和姿态表现的深入研究，通过雕塑传达了青少年的不稳定和生动的青春气息​', '这件作品深入探讨了艺术与现实之间的界限，以及社会对艺术作品中人物形象的期待与接受度。通过展现一个青少年芭蕾舞者的自然姿态而非理想化形象，德加挑战了当时观众对雕塑的传统观念，引发了关于艺术、美学和阶级的讨论​', '晚期的德加展现了他对形式的探索和艺术表达方式的逐渐转变。尽管视力问题限制了他的创作，他仍然展现了对艺术的热情和创新精神。', 'Little Dancer, Fourteen Year Old');
INSERT INTO `phases` VALUES (16, 6, '1850年代末 - 1860年代初', '初期阶段', '这一阶段，马奈的作品受到传统学院派的影响，但同时他开始尝试突破这些传统限制，探索更现代的主题和表现手法。', 'The Absinthe Drinker 是Édouard Manet在1859年创作的早期重要作品。这幅画展示了一个边缘化的社会人物——一名饮用苦艾酒的男子，这在当时的艺术界是非常非传统的选择。这幅作品因其对社会底层主题的直接表达在提交给巴黎沙龙时遭到拒绝，但它开启了Manet作为现代艺术的先驱的职业生涯', 'Manet在这幅作品中采用了大胆而流畅的笔触，表现了其从传统学院派风格中脱颖而出的初步尝试。他选择了一种更直接、未经修饰的表现方式，这在画作中的人物腿部和服装的描绘上表现得尤为明显', '《苦艾酒饮者》探讨了社会边缘人物的生活，反映了19世纪巴黎社会对苦艾酒及其饮用者的偏见和社会态度。这幅画不仅是Manet风格转变的标志，也是现代艺术史上对日常生活场景的深刻观察​ ', '马奈在这一阶段开始体现他对现实主义的倾向，通过对日常生活场景的描绘，挑战传统的艺术表现和主题。', 'The absinthe drinker');
INSERT INTO `phases` VALUES (17, 6, '1860年代 - 1870年代', '成熟期', '马奈在这一时期创作了一些最具争议和影响力的作品，他的画作特点是明亮的色调、大胆的笔触和对传统题材的非传统处理。', 'Olympia由Édouard Manet在1863年创作，这幅画在1865年的巴黎沙龙首次展出时引起了巨大争议。这幅作品因为其直接表现现实生活中的裸体女性而非传统的神话或理想化形象而成为现代艺术的里程碑。画中的女主角被认为是一名妓女，这在当时的艺术界是一个大胆的挑战', 'Manet在\"Olympia\"中使用了大胆而直接的画风，这标志着从传统的现实主义向印象主义的过渡。他采用了清晰的轮廓和对比鲜明的光影来表现主题，这种风格后来深刻影响了印象派画家。Manet的画作不仅仅关注形式的表现，更注重表现现代生活中的真实场景', '《Olympia》不仅仅是对女性裸体的描绘，更是对社会阶层和种族问题的探讨。画中的黑人女仆和主人翁之间的对比，反映了当时社会对种族和社会阶层的复杂看法。这幅画作的主题挑战了传统的审美观念，引发了关于性、权力和种族的广泛讨论​ ', '这些作品因挑战了传统的道德观念和审美标准而引起了巨大争议，标志着马奈对现代艺术的重要贡献，尤其是在探索日常生活和社会议题方面。', 'Olympia');
INSERT INTO `phases` VALUES (18, 6, '1880年代', '晚期', '晚年的马奈主要关注静物画和小型肖像作品，这一时期的作品更加内省和细腻。', 'A Bar at the Folies-Bergère 是Édouard Manet在1882年创作的，展示了当时巴黎著名的Folies-Bergère音乐厅内部的情景。这幅画是Manet最后的重要作品，于他去世前一年完成，并在那年的巴黎沙龙上展出。画中的主题和构图反映了现代生活的复杂性和矛盾，特别是在表现现代都市休闲和娱乐场所的社会动态方面', 'Manet在这幅作品中使用了充满表现力的笔触和复杂的视觉构图。通过在画面中大胆使用镜子的反射效果，创造了视觉上的迷惑性，使画面呈现出多重视角和深度。这种处理方式突破了传统的视觉表现技巧，为现代主义绘画开辟了新的路径​ ', '该画作的主题探讨了现代城市生活中的孤立和人际疏远感。画中的酒吧女招待苏珊直视观众，这种直接的视觉交流形式和她身后镜子中的场景反射，构成了一种社会观察和个人体验的双重视角。通过这种方式，Manet探讨了现代都市生活中个体的角色和社会互动的复杂性​ ', '晚期作品虽然较少涉及前期的大胆社会主题，但展现了马奈对画面构成和光影处理的精湛技巧，对细节的捕捉和氛围的营造有着深刻的掌握。', 'A Bar at the Folies-Bergere');
INSERT INTO `phases` VALUES (19, 7, '1880年代 - 1890年代初', '初期阶段', '蒙克的早期作品受到印象派和后印象派的影响，展示了对色彩的敏感和对挪威风景的兴趣。然而，他很快转向了更为个人化和情感化的表达方式。 ', 'The Sick Child是Edvard Munch在1885至1886年间创作的作品，源于他对亲姐姐Johanne Sophie因结核病去世的深刻心理创伤。这一事件对Munch产生了持久的影响，促使他在接下来的四十多年里多次回归这一主题，创作了多个版本的作品​ ', 'Munch的作品风格以其表现主义和象征主义著称，特别是在处理颜色和纹理方面表现出强烈的个人情感。在\"The Sick Child\"的各个版本中，Munch采用了油画和版画等多种媒介，通过粗犷的笔触和对色彩的深入探索，强调了病痛和死亡的主题', '这幅作品深刻探讨了疾病与死亡的主题，反映了Munch对个人损失的感受和处理心理创伤的方式。作品中的病童形象传达了无助与悲伤，而周围的环境则增强了作品的情感深度。Munch通过重复创作同一主题，探索了记忆、悲痛与艺术表达之间的复杂关系', '这一时期的作品揭示了蒙克对情感表达和心理状态的关注，这种关注成为他后续作品的核心特征。', 'The Sick Child (later)');
INSERT INTO `phases` VALUES (20, 7, '1890年代 - 1900年代', '成熟期', '这是蒙克艺术创作的高峰期，他创作了许多表现主义作品，以强烈的情感表达和象征意义著称。', 'The Scream由Edvard Munch创作于1893年，是他最著名的作品之一，代表了现代艺术中的普遍焦虑。画作最初在1893年柏林的个展中展出，是Munch的生命之轴系列的中心主题之一。此系列探讨了生命、恐惧、死亡和爱情等主题', '该作品是表现主义艺术的典型，以其鲜明的色彩和强烈的情感表达而闻名。画中的天空呈现出剧烈的红色和橙色，这可能受到1883年克拉卡托火山爆发后异常壮观的晚霞的启发。Munch通过扭曲的人物形象和激动的线条，传达了一种深刻的内心体验​ ', '\"The Scream\"表达了Munch对现代人内心深处的恐惧和不安的感受。这幅画不仅描绘了一种声音的体验——自然界的尖叫，也反映了人类面对生存状态的焦虑和孤独感。Munch曾提到，这幅画是基于他在挪威峡湾的一次散步中体验到的尖叫', '这一时期的作品展示了蒙克对人类情感和心理状态的深入探索，他的作品常常表达出孤独、恐惧和绝望的普遍人类经验。', 'The Scream');
INSERT INTO `phases` VALUES (21, 7, '1910年代 - 1944年', '晚期', '晚年的蒙克面临了一系列个人困境和健康问题，他的作品在这一时期变得更加自省和内向。', 'The Dance of Life是Edvard Munch在1899至1900年间创作的表现主义画作，现藏于挪威国家美术馆。该作品是Munch 生命之轴项目的一部分，反映了Munch对人生阶段的视觉表现和个人经历的深刻探索。在这幅画中，Munch通过三个女性形象展示了生命的三个阶段：纯洁、感性与苦痛​ ', 'Munch的这幅作品使用了鲜明的颜色和动态的形象来表达人生的节奏和情感的流动。画中的人物通过舞蹈的姿态和表情，展示了从年轻到衰老的转变。特别是使用红色、黑色和白色来代表不同的生命阶段和情感状态，增加了画作的象征意义和视觉冲击力', '这幅画不仅仅是对生命不同阶段的描绘，也是Munch个人对爱情、婚姻和人生意义的复杂感受的表达。通过这三个女性和一个男性的互动，Munch探讨了从单纯到经历世事再到最终疏离的心理和情感变化。这种主题展现了Munch对个人经历的深入反思和艺术表达', '晚期作品深入反映了蒙克对自我和存在的审视，他的画作继续探讨内心深处的恐惧和不安，同时也表达了对生命经验的哲学反思。', 'Dance Of Life');
INSERT INTO `phases` VALUES (22, 8, '1906年 - 1909年', '初期阶段', '席勒早期的作品受到他的导师古斯塔夫·克林姆的影响，展示了装饰艺术风格的初步尝试，但很快他开始发展自己独特的表现主义风格。', 'The Artist’s Sister, Melanie 是奥地利表现主义画家Egon Schiele于1908年创作的一幅肖像画。这幅画描绘了Schiele的姐姐梅拉妮，是他早期艺术生涯中的作品之一。Schiele以其独特的图形风格和对传统美学的挑战而闻名，这幅作品展现了他对人物深刻心理和性感的探索​ ', 'Schiele的这幅作品展现了他特有的表现主义风格，通过扭曲的身体形态和表情的夸张来传达情感的强度。画作中梅拉妮的姿态和表情反映了一种内在的情感张力，这是Schiele作品中常见的主题', '这幅肖像探讨了家族关系的复杂性以及个体在家族中的角色。通过对姐姐的描绘，Schiele不仅展示了她的外在形象，还试图捕捉到她内心深处的情感和状态，反映了他对人物内心世界的深入洞察​', '此期间的作品主要是学生作业和初期的实验画作，如《自画像》等，还没有完全形成后期的风格。', 'The Artist’s Sister, Melanie');
INSERT INTO `phases` VALUES (23, 8, '1910年 - 1914年', '成熟期', '这一阶段，席勒的作品展现了明显的表现主义风格，他的画作以其表现技巧、对人体的直接而强烈的描绘以及对性和死亡主题的探索著称。', 'Portrait of Valerie Neuzil 是奥地利表现主义画家Egon Schiele于1912年创作的作品。这幅画作描绘了Schiele的长期伴侣瓦莱丽·诺伊齐尔，她不仅是他的情人，还是他的主要模特之一。这幅肖像在艺术风格和情感表达上展现了Schiele特有的艺术探索', '这幅作品体现了Schiele的典型风格，以其生动的线条和表情主义色彩著称。画中，Neuzil的形象强烈而具有挑战性，显示了Schiele对人物心理深度的捕捉以及对传统肖像画的颠覆​', '该肖像不仅展示了Neuzil的物理形象，更深层次地描绘了她作为Schiele灵感来源的角色。通过这幅作品，Schiele探讨了人际关系的复杂性和深层情感，尤其是在他和Neuzil的关系上显得尤为突出​ ', '席勒在这一阶段展示了其对人体极限表达的探索，以及对社会常规和道德界限的挑战，他的作品因此在艺术上具有突破性意义。', 'Portrait of Valerie Neuzil');
INSERT INTO `phases` VALUES (24, 8, '1915年 - 1918年', '晚期', '第一次世界大战期间，席勒被征召入伍，尽管他继续创作，但风格上展现出更多的内省和成熟。', 'The Family 是奥地利表现主义画家埃贡·席勒（Egon Schiele）在1918年创作的最后一幅作品之一。这幅作品最初被命名为《蹲坐的夫妇》（Crouching Couple），最初意图描绘艺术家和他的妻子，但随后在画中加入了一个未出生的孩子的形象。这幅画在席勒和他妻子因西班牙流感去世前不久完成，体现了席勒对家庭、爱与死亡的深刻反思', '席勒的这幅作品展现了他典型的表现主义风格，通过扭曲的人体形态和强烈的情感表达来描绘人物。画中的色彩鲜明，线条尖锐且流动，强调了人物之间的情感联系而非解剖学的准确性。这种风格体现了席勒对现实主义的挑战和对表达内在情感的追求', '《家庭》不仅是席勒个人悲剧的预示，也是他对家庭生活的理想与现实的探讨。画中三个裸体人物——一男一女及一个小孩，通过身体的交织显示出紧密的家庭联系。这幅作品反映了席勒对家庭、爱情和死亡的复杂看法，以及他在个人生活中遭遇的悲剧', '晚期的席勒在艺术表现上更加丰富和多层次，他的作品更加注重表达人物的内心世界和情感深度。', 'The Family');
INSERT INTO `phases` VALUES (25, 9, '1560年代 - 1576年', '初期阶段：克里特与意大利时期', '在这一阶段，格雷科受到拜占庭艺术的影响明显，他的早期作品还体现了意大利文艺复兴的影响，特别是在他移居意大利后，受到提香和米开朗基罗的启发。', 'The Disrobing of Christ, 也被称为 El Expolio，是El Greco在1577年开始并于1579年完成的作品。这幅画最初是为托莱多大教堂的圣器室的高祭坛而创作的，至今仍挂在那里。这幅作品显示了El Greco在托莱多的第一个重大委托项目，并标志着他与当地教堂的紧密合作开始', '该画采用油画媒介，在画布上完成。El Greco的这幅作品展示了他典型的表现主义风格，通过强烈的色彩对比和动态的人物姿态来表达情感和戏剧性。画中，耶稣的红色长袍与周围混乱场景中较暗的色彩形成鲜明对比，强调了他的平静与尊严', '这幅画描绘了基督被剥去衣物的场景，预备钉在十字架上。此作品通过复杂的人物布局和深刻的情感表达，探讨了牺牲与救赎的主题。画中的耶稣虽处于混乱和暴力之中，却保持一种超然的平和，显示了El Greco对宗教情感的深刻描绘和表达', '这一时期是格雷科风格形成的重要阶段，他开始从拜占庭风格转向更具文艺复兴特色的表现。', 'The Disrobing of Christ');
INSERT INTO `phases` VALUES (26, 9, '1577年 - 1600年', '成熟期：托莱多时期', '这一阶段是格雷科艺术生涯的高峰期，他的风格完全成熟，以长长的身形、鲜艳的色彩和戏剧性的光影运用为特征。', 'The Burial of the Count of Orgaz是由El Greco于1586年创作的，这幅画不仅是为了纪念教堂的赞助人，也是为了庆祝他的善举而创作的。这幅画以一段当地传说为背景，讲述了圣斯蒂芬和圣奥古斯丁在奥尔加斯伯爵葬礼上的奇迹降临，这一场景在托莱多的圣托梅教堂中发生​', '这幅作品是一幅大型油画，高达四米多，宽约三米。画面分为天上和地上两个部分，通过圣人与世俗人物的互动，将层次分明的天堂与地球巧妙地联系在一起。画中的人物形象细节丰富，色彩对比鲜明，显示了El Greco独特的表现主义风格', '这幅画不仅展示了宗教故事，也通过包括当时托莱多的重要人物的肖像，反映了社会与文化的深层联系。El Greco通过这幅作品表达了对天堂与地球、肉体与灵魂、世俗与神圣之间关系的深刻理解和艺术表达', '格雷科在这一时期创造了许多关于宗教和神秘主义的作品，其独特的艺术风格对后世产生了广泛影响，尤其是对表现主义和立体主义运动。', 'The Burial of the Count of Orgaz');
INSERT INTO `phases` VALUES (27, 9, '1601年 - 1614年', '晚期', '在生命的最后阶段，格雷科的作品变得更加抽象和表现主义，他的画作中的形象更加夸张和情感化。', 'The Opening of the Fifth Seal是由El Greco在他生命的最后几年（1608-1614）创作的，这幅画原本是为托莱多的圣约翰洗者医院教堂的侧祭坛而作。这幅画被认为描绘了启示录中的一个场景，表现了天启的第五封印的开启，但画作的上半部分在19世纪被切除，使得原始作品的完整构想已经丢失', '尽管未完成且被削减，\"The Opening of the Fifth Seal\"仍展示了El Greco独特的视觉和形式处理方式。这幅画特别影响了毕加索的《阿维尼翁的少女》和德国表现主义艺术家。在此作中，El Greco用充满动感的多彩长袍和天使形象创造出一种动态和流动的视觉效果，使得画面充满了宗教和超自然的气息', '这幅画基于《启示录》的描述，展现了因信仰之故而被杀害的殉道者们呼唤正义的场面。在画中，这些裸露的灵魂被赋予了白色的长袍，象征着他们的纯洁和得救。尽管上部的画面已失，现存的下部画面中圣约翰显得异常突出，他双臂举向天空，象征着对天堂的祈求与渴望', '晚期作品进一步强化了格雷科的个人风格，其对未来艺术运动的影响尤为明显，特别是在20世纪的表现主义和抽象艺术中。', 'Opening of the fifth seal');
INSERT INTO `phases` VALUES (28, 10, '1900年代初 - 1910年代', '初期阶段', '诺尔德的早期作品受到印象派和后印象派风格的影响，开始展现其对强烈色彩的使用和对自然景观的兴趣。', 'Dance Around the Golden Calf是由德国-丹麦表现主义画家Emil Nolde在1910年创作的油画。这幅作品现收藏于慕尼黑的新国家美术馆。Nolde在创作这幅画前不久开始对宗教题材产生兴趣，并创作了多幅以圣经为主题的画作 ', '该画作充分展示了表现主义运动的特点，特别是在色彩的大胆使用和主题上的表现。画中描述的是以色列人围绕金牛犊跳舞的场景，这一主题来自《出埃及记》。Nolde运用鲜明的颜色和动态的形象来传达强烈的情感和戏剧性 ', '这幅画通过描绘以色列人在西奈山下制造并崇拜金牛犊的故事，探讨了偶像崇拜和信仰背叛的主题。画面展现了人们在放纵和庆祝中的狂热状态，同时也反映了Nolde对人类行为和宗教信仰的深刻洞察', '这一时期诺尔德在形式和色彩上进行了大胆的实验，为其后来的表现主义风格打下了基础。', 'Dance Around the Golden Calf');
INSERT INTO `phases` VALUES (29, 10, '1910年代 - 1930年代', '成熟期', '这一阶段诺尔德全面拥抱了表现主义风格，创作了大量表达强烈个人情感和视觉冲击的作品，尤其是在宗教画和风景画方面。', 'Self-portrait 是Emil Nolde于1912年创作的表现主义风格的画作。这幅自画像描绘了艺术家自己的形象，展现了Nolde在表现主义艺术运动中的地位。这幅画是他艺术生涯中的多幅自画像之一，充分展示了他对自我形象探索的持续兴趣', '这幅作品特别强调了色彩的表达和情感的传递，体现了Nolde对色彩的大胆使用和对细节的关注。他的自画像通常包含饱和的色彩和强烈的表情，这在1912年的这幅作品中表现得尤为明显，其中他的面部特征和视线都透露出深刻的情感和个性', 'Nolde的自画像不仅仅是对自身外表的再现，更是一种自我探索和表达的方式。通过这种艺术形式，Nolde探讨了艺术家与社会、以及个体与内心世界的关系。这幅画作反映了他如何通过艺术来探索和表达自我认知和情感状态', '诺尔德在这一时期的作品中使用了大胆的色彩和表现技巧，通过艺术来探索和表达情感的极端状态，对德国表现主义艺术有着深远的影响。', 'Self-portrait');
INSERT INTO `phases` VALUES (30, 10, '1930年代 - 1940年代', '晚期', '纳粹政权对诺尔德的艺术生涯产生了重大影响，他的许多作品被认为是“堕落艺术”，并被禁止展出和销售。尽管如此，他依然秘密继续创作。', 'Autumn Sea VII 是由Emil Nolde在1910年创作的，体现了他对海景主题的持续探索和表现。Nolde是德国表现主义运动的重要成员，他的作品经常展现出对自然力量的深刻感受和色彩的强烈运用。这幅画作是他多幅描绘秋季海景系列中的一部分，反映了他对自然界动态变化的感知和表现', '这幅画使用了厚重的油彩和广阔的色彩范围，展示了Nolde特有的表现主义风格。画中使用了大量的蓝色和灰色调，通过色彩的对比和层次，展现了秋天海面的壮丽与忧郁。Nolde的画风在处理光与影、动与静的关系上具有独到之处，使得画面既有强烈的情感表达，也富含诗意​', '\"Autumn Sea VII\" 不仅仅是对自然景观的描绘，更是艺术家情感与哲学思考的表达。通过对秋季海景的绘制，Nolde探讨了自然与人的关系，以及自然界中存在的生命力和恢复力。这幅作品通过其独特的视角和表现手法，向观者传达了一种超越日常生活，触及灵魂深处的艺术体验', '这一时期诺尔德展示了他对艺术创作的坚持和承受政治压迫的勇气，他的作品在视觉和主题上呈现出更深层次的抽象和象征意义。', 'Autumn Sea VII');
INSERT INTO `phases` VALUES (31, 11, '1820年代', '初期阶段', '德拉克罗瓦的早期作品受到古典主义的影响，但他很快展现出对浪漫主义的偏好，特别是在强调情感和个人表达上。', 'The Barque of Dante (Dante and Virgil in the Underworld)是Eugène Delacroix于1822年创作的重要画作，标志着其从新古典主义向浪漫主义的转变。这幅画作是Delacroix第一次尝试进入巴黎沙龙，反映了他对达成这一目标的努力。此作品也是他获得政府采购的第一幅画作，之后被收藏于卢浮宫', '此画采用浪漫主义风格，通过激烈的情感和动态的构图表现了戏剧性场景。画中，Dante和Virgil在冥河Styx上的航行被受折磨的灵魂攻击，场面紧张且充满情感冲突。Delacroix运用鲜明的色彩和生动的笔触来增强画面的视觉冲击力', '这幅作品基于但丁的《神曲》中的描述，探讨了人类面对恐惧和死亡的心理状态。画中的Dante由Virgil引导，穿越充满挣扎和痛苦的灵魂，象征着人对超自然力量的恐惧及对未知的探索', '这一时期的德拉克罗瓦开始探索更为戏剧化和情感化的主题，以及对光影和色彩的大胆运用。', 'The Barque of Dante (Dante and Virgil in the Underworld)');
INSERT INTO `phases` VALUES (32, 11, '1830年代 - 1840年代', '成熟期', '这是德拉克罗瓦艺术生涯的黄金时期，他的作品充满激情和力量，展现了对历史、宗教和文学主题的深刻理解。', 'Liberty Leading the People是Eugène Delacroix为纪念1830年法国七月革命而创作的，这场革命推翻了查理十世的统治。Delacroix将这幅画描述为一种现代主题，表达了即使他未亲自参与战斗，也要通过画作为国家贡献的决心。这幅作品最初于1831年的沙龙展出，并由法国政府购买', '这幅画是浪漫主义风格的代表作，通过充满动感的场景和人物来表达革命的激情和混乱。画中的自由女神是画作的核心，她象征着自由和革命，引领着不同社会阶层的人民前进。Delacroix运用了生动的色彩和表现力强的笔触，增强了画面的戏剧性和视觉冲击力', 'Delacroix通过这幅画探讨了自由和人民起义的主题，展现了人们对抗压迫、争取自由的决心。画中的自由女神不仅是法国的象征，也代表了普遍的自由精神。这幅作品成为了七月革命的象征，也被视为正义反抗的标志', '德拉克罗瓦的这一时期作品在法国乃至欧洲艺术界产生了广泛影响，他对色彩的革新尤其对后来的印象派画家产生了重要影响。', 'Liberty Leading the People');
INSERT INTO `phases` VALUES (33, 11, '1850年代', '晚期', '在晚年，德拉克罗瓦的作品趋向于更加内省和哲学化，同时继续保持他的色彩鲜明和构图精致。', 'Christ on the Sea of Galilee 是由Eugène Delacroix在1854年创作的，灵感来源于新约圣经中的一个故事，其中耶稣在加利利海上平息了风暴。这幅画是Delacroix关于此主题的多个版本之一，展现了他对宗教故事的持续兴趣和对戏剧化场景的艺术表达', '这幅画采用浪漫主义风格，通过动态的海浪和充满表情的人物来传递情感和戏剧性。Delacroix使用丰富的颜色和强烈的光影对比，特别是在描绘波涛汹涌的海面和天空中乌云的部分，增强了场面的紧张感和神秘感', '此画主题探讨了信仰的力量和宗教信念的宁静之美。通过耶稣平息风暴的场景，Delacroix不仅描绘了一个圣经故事，也表达了对超自然力量的敬畏和信仰带来的心灵平静。这种对信仰力量的描绘旨在激发观者对宗教和精神领域的深层思考', '晚期的德拉克罗瓦依然保持创新精神，他的作品展示了深刻的艺术探索和对生命哲理的思考。', 'Christ on the Sea of Galilee');
INSERT INTO `phases` VALUES (34, 12, '直到1790年代初', '初期阶段', '这一阶段戈雅主要从事宫廷画家的职责，创作了许多肖像画，其中包括对西班牙皇室成员的描绘。他的风格受到洛可可和巴洛克风格的影响，但逐渐展现出个人的艺术特色。', ' The Parasol 是Francisco Goya在1777年为西班牙王室制作的一系列挂毯卡通设计中的一部分。这些设计是应西班牙皇后玛丽亚·路易莎的委托，用于装饰马德里帕尔多皇宫的餐厅。Goya的这一系列作品展示了他如何通过描绘日常生活中的和谐场景来满足皇室的审美需求', 'Goya的这幅作品体现了古典主义风格的特点，通过日常生活的场景传达出平和与优雅的氛围。画中的女主人公穿着法式时尚的服装，而男主人公则装扮成当时的西班牙下层社会风格。整个画面色彩温暖，构图平衡，通过精细的细节处理展现了Goya对人物心理与环境的敏锐观察', '这幅作品不仅仅是一幅用于装饰的挂毯设计，它还深刻反映了18世纪末古典主义与洛可可风格的交替转变。画作通过描绘一对年轻男女在优美环境中的宁静时光，象征着逃离现实的避难所，同时也体现了对当时社会风尚的记录', '这一时期的作品显示了戈雅在肖像画领域的技艺和对人物性格的深刻捕捉。', 'The Parasol');
INSERT INTO `phases` VALUES (35, 12, '1790年代 - 1810年代', '成熟期', '在这一时期，戈雅的作品开始体现更加深刻的社会批判和个人情感。他创作了一系列风格独特的版画，如《战争的灾难》系列，以及许多表现暴力和超自然主题的画作。', 'Francisco Goya的《1808年5月3日》描绘了拿破仑占领期间西班牙人民抵抗法国士兵的屠杀。1814年，Goya向西班牙临时政府提议，用他的画笔来永久记录这一英勇举动。这幅画特别强调了西班牙人对抗欧洲暴君的英雄行为', 'Goya的这幅作品通过强烈的情感力量和风格革命性地表达了战争的恐怖。画中使用了夜晚的黑暗和射灯的明亮对比来增强视觉冲击力，同时具有深刻的象征意义，描绘了无辜者面对暴行的无助与绝望', 'Goya通过这幅画质疑了战争中的英雄主义和牺牲的徒劳。他展示的不是传统的英雄形象，而是普通人在极端暴力面前的苦难和抵抗。中心人物的姿态和表情让人联想到耶稣基督的受难，从而强调了他们作为祖国的烈士所做出的牺牲​', '戈雅在这一阶段展示了他对社会现象的敏锐观察和对人性的深刻洞察，这些作品标志着他由宫廷画家转向批判现实主义的重要转变。', 'The Third of May 1808');
INSERT INTO `phases` VALUES (36, 12, '1820年代 - 1828年', '晚期', '在生命的最后几年，戈雅的作品变得更加黑暗和抽象。他在这一时期创作了一系列被称为“黑画”（Black Paintings）的作品，这些画作通常表现出悲观和压抑的情绪。', 'Saturn Devouring One of His Sons 是Francisco Goya在其晚年创作的一部分，属于他的黑画系列之一，这些作品是他在购买的马德里郊外的庄园“Quinta del Sordo”（聋子之家）的墙壁上直接绘制的。这些作品表现了Goya对生命、宗教和人类本性的深刻反思，特别是在他生命的后期，经历了聋病和战争的困扰后', '这幅画展示了Goya对色彩的大胆运用和对质感的精湛掌控，通过粗犷的笔触和暗沉的色调，传达出一种令人不安的、几乎野性的张力。画中的萨图恩形象野蛮、扭曲，与其子女的悲惨命运形成强烈对比，体现了Goya对传统神话主题的独特诠释', '这幅作品基于希腊神话中克洛诺斯（罗马神话中的萨图恩）因恐惧其子将来推翻自己而吞噬他们的故事。画作不仅仅是对古典神话的再现，更深层次地探讨了时间与毁灭的主题，以及权力和背叛的恒久循环。Goya通过这幅作品传达了对无常和人类苦难的深刻感慨​ ', '晚期的“黑画”系列作品在戈雅的艺术生涯中占据了特殊的地位，它们深刻地表达了戈雅对人性和社会的失望，以及对死亡和超自然的沉思。', 'Saturn Devouring One of His Sons');
INSERT INTO `phases` VALUES (37, 13, '1880年代 - 1890年代', '初期阶段', '克林姆的早期作品主要是历史画和壁画，这些作品多受到19世纪维也纳艺术学院的影响，风格较为传统。', 'The Old Burgtheater 是Gustav Klimt在1888年创作的作品，描绘了维也纳老皇家剧院的观众席。这幅画作是在Klimt早期职业生涯的重要委托之一，展示了他对细节的精细捕捉和对社会名流的描绘能力。这幅作品中包含了约200个小肖像，反映了当时剧院观众的社会地位和文化生活', '这幅画作属于艺术新古典主义风格，Klimt通过精细的细节和丰富的色彩展现了剧院内部的奢华和繁复。画中观众的姿态和表情各异，体现了Klimt在人物描绘上的精湛技巧和对个体特征的深入观察', '作品主题集中在展现19世纪末维也纳上流社会的文化生活。通过这幅画，Klimt不仅仅展示了一个物理空间，更通过细节丰富地描绘了当时社会名流的生活方式和文化趣味，反映了他对维也纳社会结构和文化层面的深刻洞察', '这一阶段克林姆正在寻找个人风格的形成，他的作品在细节处理和装饰性方面已显示出后期作品的苗头。', 'The Old Burgtheater');
INSERT INTO `phases` VALUES (38, 13, '1900年 - 1910年', '黄金时期', '这是克林姆艺术生涯的高峰期，他创作了许多以复杂装饰性和象征意义著称的画作。这一时期的作品特征是使用丰富的金色和装饰性图案，以及对女性美的唯美表现。', 'The Kiss 由Gustav Klimt于1907-1908年间创作，这是他所谓的“黄金时期”的高峰时刻。该画作最初在1908年维也纳的艺术展览上公开展出，并迅速被奥地利政府购买。这幅作品展示了Klimt对黄金装饰艺术的探索，并且象征着艺术新艺术运动中的一种浪漫主义表达', 'Klimt在这幅画中使用了大量的金箔，展示了其标志性的装饰风格。画中的男女主角被描绘成相拥而吻，他们的服饰上绘有复杂的几何图案和旋转的螺旋形状，这些图案充满象征意义，反映了Klimt对细节的极致追求和艺术上的精湛技艺', '\"The Kiss\" 被视为对爱情最直接的颂扬，展现了人类情感中最纯粹的亲密和合一。通过使用黄金和象征性图案，Klimt不仅仅描绘了一对恋人的物理亲近，更深层次地探讨了爱情的神圣性和永恒价值​', '黄金时期的作品使克林姆在艺术界获得了巨大的名声，他的这些作品被视为装饰艺术和现代艺术的典范，对后来的艺术家产生了深远影响。', 'The Kiss');
INSERT INTO `phases` VALUES (39, 13, '1910年 - 1918年', '晚期', '克林姆晚期的作品趋向于更为简化和抽象的风格，他开始探索更多的几何形状和抽象图案，这些改变反映了他对艺术形式不断的探索和创新。', 'Lady with Fan 是Gustav Klimt在1917至1918年间创作的作品，也是他生前最后完成的画作之一。此作品融合了强烈的亚洲艺术影响，特别是中国元素，体现了Klimt晚期艺术风格的转变和发展。这幅画在Klimt去世时仍置于他的画架上，未完全完成，展现了他对未完成作品美学的探索​', '该作品展现了Klimt特有的装饰风格，使用了金箔和丰富的色彩，以及典型的东方图案设计，如凤凰和莲花等。这些元素不仅展现了其对细节的精湛处理，也反映了他对东方艺术深刻的兴趣和影响', '\"Lady with Fan\" 主题聚焦于女性的优雅与神秘，通过手持扇子的女性形象，探讨了遮掩与展示之间的张力。Klimt运用复杂的图案和色彩来强调女性的美丽和神秘感，同时也表达了对女性形象的理想化追求', '克林姆的晚期作品展示了他对传统美学的挑战和对新美学的探索，他的这一阶段工作标志着他从象征主义向现代主义的转变。', 'Lady with Fan');
INSERT INTO `phases` VALUES (40, 14, '1890年代 - 1905年', '初期阶段', '这一阶段马蒂斯受到印象派和新印象派的影响，他的作品注重光效和色彩的自然表现。在这一时期，他的画作通常以传统的风景和静物为主题。', 'Woman with a Hat 是Henri Matisse在1905年创作的，表现了他的妻子Amélie。这幅画在同年的秋季沙龙展览会上首次展出，标志着Matisse从新印象派风格向野兽派风格的转变。这幅作品在艺术界引起了巨大争议，尤其是因为它的大胆色彩和非传统的画风​', '该作品是野兽派风格的代表，以其鲜艳的颜色和大胆的笔触著称。Matisse在这幅画中使用了非自然的色彩来描绘人物，这种风格的使用在当时被认为是非常前卫和大胆的。这种风格的表现尤其体现在Amélie的脸部，Matisse使用了大胆的绿色和黄色来表现其面部的不同部分', '这幅画不仅仅是一个人物肖像，更是Matisse个人风格的一次大胆尝试。通过对传统肖像画的颠覆，Matisse探索了色彩和形式的新可能性，这幅作品的出现被视为现代艺术发展中的一个转折点。画中的色彩使用及其组合方式，展示了Matisse如何通过色彩来表达情感和艺术表现', '这一阶段是马蒂斯艺术探索的早期，他在这时期建立了自己对色彩和形式的基本理解，为他后期的风格奠定了基础。', 'Woman with a Hat');
INSERT INTO `phases` VALUES (41, 14, '1906年 - 1907年', '野兽派时期', '这一阶段是马蒂斯艺术生涯的重要转折点，他与其他艺术家一起创立了野兽派。他的作品以鲜艳的色彩、简化的形式和直觉的画风为特征。', 'The Joy of Life (Le Bonheur de Vivre) 是Henri Matisse在1905-1906年间创作的作品，被认为是野兽派（Fauvism）运动的顶峰之作。这幅画首次在1906年的独立沙龙展览中展出，因其大胆使用色彩和非传统构图而引起广泛争议', '这幅画采用大胆而鲜明的色彩，描绘了一个充满活力的田园风光，画中的裸体人物在自然中自由活动，显示出Matisse对色彩的革命性使用和对传统艺术形式的挑战。这种风格的运用标志着Matisse从新印象主义向更个性化的表现形式的转变', '画作主题体现了对生活的热爱和对自由、无拘无束的生活方式的向往。Matisse通过亮丽的色彩和流动的线条创造了一种几乎乌托邦的理想世界，表达了对美好生活的赞颂和对人类本能欲望的肯定', '野兽派时期的作品展示了马蒂斯对传统美学的挑战和对色彩以及形式的新理解，这些作品对20世纪的现代艺术产生了深远影响。', 'The Joy of Life');
INSERT INTO `phases` VALUES (42, 14, '1910年代 - 1954年', '成熟期和晚期', '这一时期马蒂斯的作品更加成熟和多样化，包括大型壁画、雕塑和剪纸。他的风格趋于简化和抽象，特别是在使用色彩和构图上展现出更大的自由和创新。', 'Dance (II) 是由Henri Matisse在1932年创作的壁画，位于宾夕法尼亚州美利恩的巴恩斯基金会。这件作品是由艺术收藏家Albert C. Barnes委托创作的，他为这幅壁画支付了30,000美元。Matisse在法国尼斯完成了这幅作品的创作，而非现场制作，这一点颇为不同寻常。尽管Matisse在创作过程中遭遇了诸多困难，但他对完成的作品感到非常满意​', '这幅作品体现了Matisse对色彩和形式的极简处理，强调了色彩的重要性并使用了纸质剪贴的技术。整体构图动感十足，体现了舞者们的连续动作，展现了一种过渡到他晚期艺术风格的关键变化', '\"Dance (II)\" 描绘的是一群人在抽象和简化的环境中跳舞，这幅作品不仅反映了Matisse对动作和表达的探索，也展示了他如何通过简化的形式和鲜明的色彩来传达情感和动态。这幅壁画强调了艺术与空间的关系，以及艺术作品与观众的互动', '马蒂斯在这一阶段不断地探索新的艺术形式和表达方式，他的创新在艺术史上留下了不可磨灭的印记，尤其是他的剪纸作品，开辟了现代艺术中使用色彩和形式的新途径。', 'Dance (II)');
INSERT INTO `phases` VALUES (43, 15, '1820年代', '初期阶段', '広重的早期作品主要是描绘歌舞伎演员和美女肖像，这是浮世绘的常见题材。他在这一时期学习并掌握了基本的浮世绘技巧。', 'In circle, figure piece, (Outdoor) 是由日本浮世绘大师歌川广重于1821年创作的作品。这幅作品属于浮世绘风格，反映了江户时代的人物和自然景观。作为一个在日本艺术历史中具有重要地位的艺术家，广重的作品展示了当时的日常生活和自然美景', '该作品采用了典型的浮世绘风格，展现了精细的线条和生动的色彩。在这幅作品中，广重运用了细腻的笔触和层次丰富的色彩来描绘人物和环境，体现了他对细节的精确把握和对自然美的深刻理解', '这幅作品主题聚焦于展现人与自然的和谐相处。通过精细描绘人物在户外的场景，广重传达了一种平和与宁静的氛围，反映了他对人类与自然关系的审视和赞美', '此阶段主要进行了绘画学习，还没有产出完整作品，但他的歌舞伎画仍具有一定的艺术价值。', 'In circle, figure piece, (Outdoor)');
INSERT INTO `phases` VALUES (44, 15, '1830年代 - 1840年代', '成熟期', '広重开始转向风景画的创作，这一变化标志着他艺术生涯的高峰。他的风景画以细腻的线条、鲜明的色彩和深远的空间感著称。', 'The Fifty-three Stations of the Tōkaidō 是由浮世绘大师歌川广重在1833至1834年间创作的一系列木刻版画。这些作品记录了他沿着东海道从江户（今东京）到京都的旅程。东海道是连接幕府首都江户与皇室首都京都的主要道路，广重的这一系列作品详细描绘了沿途的五十三个驿站景观', '这一系列作品体现了广重对自然景观的细腻描绘和对日常生活场景的深入观察。每一幅作品都展示了特定驿站的地理特征和当地人的生活状态，通过精细的线条和丰富的色彩，表现了浮世绘的典型风格。作品中的色彩运用和构图都显示了广重对旅途中景色的高度敏感和艺术表现的独到见解', '广重通过这一系列作品探索了旅行与日常生活之间的联系，以及自然与人文环境的互动。每幅画不仅是对一个地点的描述，也反映了当时社会的文化和经济状况。通过对东海道沿线风景的艺术再现，广重提供了一种视觉上的旅行体验，让观者能够通过艺术作品感受到当时日本的地理与文化风貌', '这些作品不仅展现了広重对风景的深刻洞察力，也表达了对旅行途中瞬息万变的自然美景的赞美。', 'The fifty three stations of the Tokaido');
INSERT INTO `phases` VALUES (45, 15, '1850年代 - 1858年', '晚期', '広重晚期的作品继续探索风景画，但风格上趋向于更加简化和抽象，色彩更为大胆，构图更为简洁。', 'Plum Orchard in Kamada 是浮世绘大师歌川广重在1857年创作的作品，属于其《名所江戸百景》（One Hundred Famous Views of Edo）系列的一部分。这个系列展示了江户（现今的东京）的各种风景，每幅作品都代表了不同的地点和季节，通过艺术家的眼睛呈现给观众', '该作品采用了典型的浮世绘风格，以细致的线条和鲜明的色彩表现出梅花盛开的景象。广重的作品常以其独特的构图和色彩运用著称，能够将简单的自然场景转化为充满活力和情感的艺术图像。此作品不仅展示了自然美，也体现了日本传统的审美观', '\"Plum Orchard in Kamada\" 主要表达了和平与自然之美的主题。广重通过描绘盛开的梅花和优雅的花园布局，传达出一种宁静而和谐的氛围。这幅画不仅是对自然美的赞美，也反映了人与自然和谐共处的理想状态', '広重的晚期作品对后来的日本以及西方艺术家产生了深远影响。他的作品中的空间处理和色彩运用，特别是对自然景观的表现，对印象派画家如莫奈和梵高都有所启发。', 'Plum Orchard in Kamada');
INSERT INTO `phases` VALUES (46, 16, '1930年代 - 1940年代初', '初期阶段', '波洛克的早期作品受到区域主义的影响，同时也受到了墨西哥壁画家和现代主义者的启发。他的作品在这一时期主要表现为具象和半抽象的形式。', 'Going West 是Jackson Pollock在1934-1935年间创作的作品，这幅画体现了Pollock早期的艺术风格和个人历史。在他的职业生涯初期，Pollock的作品呈现出更叙事性的风格，受到了19世纪晚期画家如Albert Pinkham Ryder的强烈影响。此外，这幅作品还反映了Pollock受其导师Thomas Hart Benton影响的痕迹，Benton是美国地域主义的代表画家', '在这幅画中，Pollock采用了表现主义风格，通过宽阔的笔触和英雄主义的前沿题材来表达对Benton风格的敬 homage。然而，Pollock在作品中逐渐融入了现代欧洲艺术的元素，尤其是抽象表达，作为一种表达现代美国生活体验的手段', '\"Going West\" 可能源于Pollock家族西迁的个人历史，具体灵感来自于Pollock家族早年搬到亚利桑那州，后来又迁至加利福尼亚州的经历。这幅画不仅是对美国开拓精神的象征，也体现了个人与家族历史的交织', '这一阶段波洛克探索了多种风格和技术，包括壁画和易图绘画，逐步发展出个人的艺术语言。', 'Going West');
INSERT INTO `phases` VALUES (47, 16, '1942年 - 1946年', '转变期', '这一阶段波洛克开始从具象转向完全的抽象，他的画作更加注重形式和色彩的自由表达，开始摆脱传统画布格式的限制。', 'Male and Female 是Jackson Pollock在1942-1943年间创作的作品，此画是其个展中的代表作之一，首次亮相于Peggy Guggenheim在纽约经营的Art of This Century画廊。这幅作品体现了Pollock早期对叙事性主题的探索，以及他在抽象表达主义风格中的初步尝试', '在这幅画中，Pollock采用了油画技术，结合了自动写作和抽象表达主义的元素。画作中两个性别的形象通过明显区分的视觉特征和象征性的色彩使用来表达，展示了他对形态和空间的独特处理方式。此作品中的涂抹和倾倒画法预示了Pollock后来的“滴画”技术', '该作品探讨了性别身份和对立统一的主题。两个性别形象通过其形态和姿态展示了传统性别特征的社会期待，同时也体现了Pollock对性别界限的模糊处理。这种对性别的探讨可能反映了Pollock个人生活中的主题，尤其是他与李·克拉斯纳的关系，这种动态在他的作品中找到了表达', '这一时期的作品显示了波洛克对内在情感和 subconscious 的探索，这成为他后期作品的重要基础。', 'Male and Female');
INSERT INTO `phases` VALUES (48, 16, '1947年 - 1950年', '成熟期', '这是波洛克艺术生涯的高峰期，他创造了“滴画”技术，这种技术使用非传统的工具和方法在画布上滴、洒、抛投颜料。', 'Autumn Rhythm (Number 30) 是Jackson Pollock于1950年创作的作品，代表了他的抽象表达主义风格。这幅作品是Pollock的大型“滴画”技术作品之一，首次展出是在纽约的Betty Parsons画廊，并在随后的美国现代艺术博物馆展览中亮相。这幅画体现了Pollock对画作命名方式的转变，最初以数字命名，以避免赋予作品过多的外在含义', 'Pollock的这幅作品采用了非代表性的抽象表现形式，通过在地面上铺设的画布上自由地滴流和泼洒颜料来完成。这种创作方式使得颜料在画布上形成复杂的线条和图案，展现出动态的视觉节奏和空间感。Pollock在创作过程中围绕画布四周行走，使得作品从任何角度观看都具有视觉的完整性和动态感', '\"Autumn Rhythm\" 不仅仅是其表面的抽象图案，更是Pollock情感和心理状态的直观表达。这幅画作展示了Pollock对自然秩序和混沌状态的深刻感受，通过复杂的色彩和形式的交织，探讨了创作过程中的控制与偶然性的平衡', '这些作品彻底摒弃了传统的画作构图，波洛克通过这种独特的表现方式表达了强烈的情感和能量，这种方式对后来的抽象艺术有着深远的影响。', 'Autumn Rhythm (Number 30)');
INSERT INTO `phases` VALUES (49, 16, '1951年 - 1956年', '晚期', '晚期的波洛克面临个人生活的挑战，包括酗酒和抑郁，他的作品在这一时期变得更加暗淡和内省。', 'Blue Poles (也称为Number 11, 1952) 是Jackson Pollock在1952年创作的抽象表现主义画作。这幅画最初是以数字命名的，表明Pollock当时更偏爱通过编号而非具体名称来呈现他的作品。这样做是为了避免给观众带来额外的解释或偏见。这幅作品在1954年首次以“Blue Poles”为名展出，此名称被认为是由Pollock自己提出的', '该作品是Pollock使用其著名的“滴画”技术创作的，特点是在未经拉伸的画布上用棍子、刀具和其他工具滴洒、倾倒和抛洒油漆，形成复杂的线条和颜色层次。这种方法展现了画家与画布的动态互动，强调了创作过程的自发性和控制性。画中的蓝色“杆子”是其最显著的特征，为作品增添了视觉焦点', ' \"Blue Poles\" 被看作是Pollock对抽象表现主义的深入探索，体现了他对形式和颜色的极端自由表达。画作通过抽象的形式和节奏感强烈的线条，探讨了艺术与混沌、秩序之间的关系。这幅画不仅是Pollock艺术道路上的一个重要标志，也代表了20世纪抽象表现主义在美术史上的重要地位', '这一阶段的作品反映了波洛克的内心世界和他对自我艺术表达的不断追求。', 'Blue poles (Number 11)');
INSERT INTO `phases` VALUES (50, 17, '1880年代', '初期阶段', '恩索尔的早期作品多为传统的静物和风景画，但逐渐展现出对社会和宗教的批判倾向。这一时期的作品开始透露出他后期作品中的怪异元素。', 'The Drunkards 是James Ensor于1883年创作的作品，展示了两位醉酒者的形象，这幅画在艺术家的现实主义阶段完成，标志着他向更幻想和超现实风格的转变。这幅画作成为了Ensor探索绘画风格的重要作品，展示了他对平凡场景中隐藏的非凡之处的深刻洞察', '在这幅画中，Ensor采用了简洁的背景和直观的绘画手法来突出人物，通过色彩的运用和表情的描绘，有效地传达了主题。这种风格的处理方式，让画面中的人物和情感表达成为焦点，显示了他在艺术表现上的成熟和自信', '\"The Drunkards\" 不仅仅是对社会现象的描绘，更深层次地，它反映了Ensor对社会边缘人物的同情和对社会问题的关注。通过描绘这两个沉浸在酒精中的人物，Ensor探讨了贫困、疏离和逃避现实的主题，这些主题在当时的社会背景下具有重要的社会和心理意义', '这一阶段恩索儿的创作体现了他对绘画技巧的掌握和对光影效果的敏感。', 'The Drunkards');
INSERT INTO `phases` VALUES (51, 17, '1890年代 - 1910年代', '成熟期', '这是恩索尔艺术生涯的高峰期，他的作品趋向于象征主义和超现实主义，频繁使用面具和骷髅等元素来表达对社会的讽刺和批判。', ' Christ’s Entry Into Brussels in 1889 是James Ensor在1888年创作的，展示了一场庆祝耶稣进入耶路撒冷的狂欢节似的游行。这幅画反映了Ensor对现代社会、政治和宗教的讽刺态度，因其挑战传统审美而被认为是向表现主义的过渡作品', '作品尺寸庞大，使用鲜明的颜色和复杂的图案，通过大量的人物和面具来表达人性的复杂性和虚伪。画面中的基督几乎被忽视，被周围的丑角和乐队淹没，展现了一种讽刺和荒诞的氛围', '该作品不仅是对宗教传统的挑战，也是对社会习俗的批评。Ensor通过这幅画描绘了社会的狂欢和混乱，同时表达了个人对于社会现状的不满和对于艺术的反思。这幅作品充满了政治讽刺，反映了Ensor对于当时政治和社会问题的关注和批评', '恩索尔在这一阶段通过强烈的视觉语言和象征手法，揭示了社会的虚伪和人性的荒诞，这些作品在当时引起了广泛关注和争议。', 'Christ’s Entry Into Brussels in 1889');
INSERT INTO `phases` VALUES (52, 17, '1920年代 - 1940年代', '晚期', '晚年的恩索尔继续探索类似的主题，但作品中的批判性和讽刺性有所减弱，转而更多地反映个人的内省和对过去风格的回顾。', 'Me and My Circle Me and My Circle 是James Ensor于1939年创作的自画像，展示了他个人与艺术之间的深刻关系。这幅画作于Ensor晚年创作，反映了他对个人艺术生涯的反思。在此期间，Ensor经常使用自画像来探索自我表达和艺术身份的主题', '这幅画采用表现主义风格，通过夸张和形式的简化来表达情感深度。Ensor通过这种风格展示了他对色彩和形式的独特处理方式，利用色彩和构图来加强画作的表现力和视觉冲击力', '该作品通过自画像探讨了艺术家与其社会环境和内心世界的关系。Ensor在画中表达了他对周围世界的观察与感受，同时也反映了他对自己艺术生涯的思考和评价', '晚期作品展示了恩索尔对自己艺术主题和技巧的深入挖掘，尽管社会批判性减弱，但艺术表达的深度和力度依然强烈。', 'Me and My Circle');
INSERT INTO `phases` VALUES (53, 18, '1830年代 - 1840年代', '初期阶段', '米莱的早期作品主要是肖像画和宗教题材，这些作品通常体现了较为传统的绘画风格。他在这一时期的作品尚未完全展现后来的现实主义特色。', 'The Winnower 由Jean-François Millet在1847-1848年间创作，此作是他早期的重要作品之一，最初展出于1848年的巴黎沙龙。这幅画标志着Millet从早期的田园风光转向更为现实主义的乡村生活描绘，这一转变在他后期作品中更加明显​', 'Millet的这幅作品展示了他典型的现实主义风格，通过精确的细节描绘和对农民劳动生活的真实再现，表达了对农民辛勤劳动的尊重和同情。画中的农民形象鲜明，动作自然，显示出Millet对光影和人物表情的精细处理', '该作品不仅反映了农民在当时社会中的地位，也表达了Millet对社会问题的关注。通过展现农民在风中簸箕的劳动场景，Millet强调了劳动的尊严和农民对社会的基础性贡献。这种主题在Millet的许多作品中都有体现，是他艺术探索中的一个重要方面', '这一阶段创作展示了他早期的技术和风格，处于艺术探索时期。', 'The Winnower');
INSERT INTO `phases` VALUES (54, 18, '1850年代 - 1860年代', '成熟期', '这一阶段是米莱艺术生涯的高峰期，他开始更加专注于描绘农民的生活和劳动场景，通过这些作品表达了对农民辛劳生活的同情和尊敬。', 'The Gleaners 是由Jean-François Millet于1857年创作的一幅油画，描绘了三名农妇在收割后的田地中拾取遗落的麦穗。这幅画作因其对当时农村社会最低阶层的同情描绘而闻名，当时的法国上层社会对此画持负面态度', 'Millet的这幅作品展示了现实主义风格的典型特征，通过其对农民生活的细腻描绘和深刻的社会批评。画面通过光线和色彩的巧妙使用，强调了农妇们的辛劳和贫困，同时展示了农民的尊严和坚韧', '该作品不仅是对农民劳动的现实描绘，更是对社会不平等和社会结构的批判。Millet通过这幅画传达了对社会底层人民的同情，以及对他们在社会中所处位置的深刻反思，这一主题在他的许多作品中都有体现', '米莱在这一时期的作品对后来的现实主义艺术有着深远的影响，他的作品展示了艺术家对社会底层人民的关注和对人性尊严的强调。', 'The Gleaners');
INSERT INTO `phases` VALUES (55, 18, '1870年代', '晚期', '米莱晚期的作品继续探索农民生活的主题，但风格上更加注重情感的表达和画面的氛围营造。', 'A Shepherdess and Her Flock 是Jean-François Millet于1864年创作的。这幅作品描绘了一个年轻的牧羊女在田野中照看她的羊群，是Millet对农民生活的一种典型表现，展示了他对乡村生活的深刻理解和同情', 'Millet以其细腻的现实主义手法，通过宁静的景象和精确的人物描绘，传达了牧羊女的平和与自然环境的和谐。他运用柔和的色彩和光影效果，精确捕捉到乡村生活的宁静与辛劳，充分体现了他的艺术技巧', '这幅画不仅仅是对牧羊女的描绘，更深层次地反映了Millet对农民生活的尊重和赞美。通过展现农民与自然的和谐共处，Millet传达了对农民辛勤劳动的尊重和对其生活状态的美学肯定，这是他许多作品中反复出现的主题', '米莱晚期的作品加深了他对农民生活主题的探索，通过艺术表达了对普通劳动者深刻的人文关怀。', 'A Shepherdess And Her Flock');
INSERT INTO `phases` VALUES (56, 19, '1910年代 - 1920年代初', '初期阶段', '米罗的早期作品受到法国野兽派的影响，展示了鲜艳的色彩和相对传统的形式。', 'The Farm 是Joan Miró在1921-1922年间创作的。此作品完成于他从巴塞罗那移居到巴黎的过渡期，并代表了他职业生涯的重要转折点。这幅画是对他童年在蒙特罗伊格的农场生活的回忆和总结，Miró将其描述为“我在乡村生活的总结”', '这幅作品采用现实主义与抽象元素相结合的手法，展示了Miró独特的艺术语言。他在画中运用了丰富的色彩和细节来描绘农场的各个方面，从动植物到农场建筑，每一个细节都充满了生命力和动态感', '\"The Farm\" 不仅仅是对Miró童年记忆的再现，更是他对传统和现代、乡村和城市生活之间冲突的艺术表达。这幅画反映了Miró对自己根源的深刻思考以及对简单生活美好而又复杂的看法', '这一阶段的米罗开始探索个人化的象征和形式，为他后来的超现实主义风格奠定了基础。', 'The Farm');
INSERT INTO `phases` VALUES (57, 19, '1920年代 - 1930年代', ' 超现实主义阶段', '米罗加入了超现实主义运动，创作了一系列以自动主义技术为特点的作品，这些作品以抽象的形式和象征性的图像表达潜意识内容。', 'Harlequin’s Carnival 是Joan Miró于1924-1925年间创作的，这是他个人风格中最为重要的早期作品之一。这幅画被看作是Miró个人超现实主义风格的高点，并与达利的《记忆的永恒》一起成为超现实主义运动的标志性形象', '这幅作品以其梦幻般的质感和充满象征意义的复杂图像而著称。Miró在画中使用了多种抽象和生物形态的符号，通过色彩的鲜明对比和形式的自由表达，创造了一个充满活力和节奏感的视觉场景', '\"Harlequin’s Carnival\" 探讨了潜意识与现实之间的界限，反映了Miró对内心世界的视觉化表达。画中的哈莱奎恩角色象征着艺术家对自由与创造力的追求，而整个作品则是对日常现实的超现实扭曲，揭示了一个充满奇异和幻想的内在世界', '在这一时期，米罗的作品更加注重内心世界的表达，他的创新技术和风格在超现实主义艺术中占有重要地位。', 'Harlequin’s Carnival');
INSERT INTO `phases` VALUES (58, 19, '1940年代 - 1970年代', '后超现实主义阶段', '在这一阶段，米罗的艺术风格进一步抽象化，他开始大量使用基本的形状和色块，以及在画布上的自由涂鸦。', 'Joan Miró创作了三幅蓝色系列的大型画作，名为《Bleu I, II, III》。这三幅画作成于1961年，是在Miró的职业生涯中的一个成熟时期，反映了他对色彩和构图的极致自信。此系列作品是在他的马洛卡新工作室完成的，也标志着他艺术探索的一个新阶段，这一时期的作品展示了他从1950年代末期的作品中继承下来的风格，同时也预示了未来艺术自由的新方向​', '《Bleu II》以其简洁和极简的构图而著称，展现了Miró的抽象表达主义风格。这幅画作以大面积的宁静蓝色为背景，配以鲜明的红色线条和黑点，这些视觉元素在蓝色的背景上形成强烈的视觉冲击，给人以深邃和无限的视觉空间感​', 'Miró的这幅作品体现了他对梦境空间和无限空旷场景的迷恋。他常常表达对天空、广阔地平线和空旷平原的强烈印象。在《Bleu II》中，这种对空旷和无限的迷恋通过简洁的形状和大胆的颜色在画布上得以体现，使观众能够在这些简约的符号中感受到一种动态和生命力的流动', '晚期的米罗展现了他对形式的彻底简化和对色彩的大胆使用，他的作品在抽象表现主义和其他现代艺术运动中产生了广泛的影响。', 'Blue II');
INSERT INTO `phases` VALUES (59, 19, '1970年代', '晚年', '米罗晚年继续探索不同材料和规模的艺术作品，包括大型雕塑和陶瓷。', 'Joan Miró的《被判死刑者的希望III》是1974年的作品，是对加泰罗尼亚反法西斯活动家Puig Antich被处决的直接反应。此系列作品表达了Miró对西班牙弗朗哥独裁统治的政治抗议。在创作这一系列作品时，Miró已是国际公认的艺术家，利用他的艺术声誉来传达重要的政治信息', '该作品属于抽象表现主义风格，Miró在作品中使用了简洁的线条和明亮的颜色对比，以表达强烈的情感和动态感。他的画作通常结合几何形状和符号，这些都是他个人风格的标志​', '《被判死刑者的希望III》反映了Miró对自由和人权的深切关注。作品中的视觉元素象征着对抗压迫和对自由的渴望。通过强烈的视觉语言，Miró传达了对生命和自由的珍视，以及对不公正政治制度的抗议', '即使在生命的最后阶段，米罗也保持了高度的创造力和实验精神，其作品在艺术界持续受到尊重和欣赏。', 'Hope of a Condemned Man III');
INSERT INTO `phases` VALUES (60, 20, '1790年代 - 1800年代初', '初期阶段', '康斯特布尔的早期作品受到他的环境和学院训练的影响，展示了对传统风景画的学习和模仿。', 'The Vale of Dedham是John Constable在1828年创作的一幅油画，描绘了位于英格兰东部Essex-Suffolk边界的Dedham Vale。这幅画是Constable对其家乡的深情描绘，反映了他对这一地区的深刻了解和情感联系。Constable通常选择他熟悉的场景作为画作主题，他的许多作品都是在他的生活环境中完成的', 'Constable的画风属于浪漫主义，以其对光线和天气变化的细腻捕捉而闻名。在\"The Vale of Dedham\"中，他运用厚重的颜料和白色点缀来强调阳光的反射，通过这种方式，他成功地传达了自然光影和色彩的丰富变化。此外，他在画布上使用刀具和特定的刷子，使画面呈现出强烈的效果和深度​', '这幅作品不仅是对风景的再现，也体现了Constable对过去生活方式的怀念和对自然与乡村生活的珍视。他通过描绘这些普通而又宏大的景观，挑战了当时风景画中的传统观念，将日常景象提升到了英雄史诗的高度。这种对日常英雄主义的强调预示了现实主义和巴比松画派等后续艺术运动的兴起', '这一阶段的创作显示了他对细节的关注以及对光线和大气效果的早期尝试。', 'The Vale of Dedham');
INSERT INTO `phases` VALUES (61, 20, '1810年代 - 1830年代', '成熟期', '这一阶段康斯特布尔的画风完全成熟，他开始专注于描绘自然界的动态变化，特别是光影和天气的影响。他的风景画以其生动的笔触和对自然情感的深刻表达而著名。', 'The Hay Wain，原名Landscape: Noon，是John Constable在1821年创作的油画，描绘了英格兰Suffolk和Essex之间River Stour河畔的乡村景象。这幅作品展示了Constable对家乡景色的深情描绘，与他早期的草图和小型油画草稿有密切联系。这些早期作品为他提供了丰富的视觉和主题素材，最终形成了这幅作品的详细构图和内容', '在风格上，Constable的这幅作品突破了当时流行的理想化风景画传统，展现了更真实的自然景观。他的画作使用自然光和真实的色彩，突出了英格兰乡村的宁静与和谐。通过细腻的光影处理和色彩使用，如水面的白色高光和天空的淡蓝色，Constable成功地复现了一个完美的英格兰夏日', '\"The Hay Wain\"不仅是对自然景观的再现，也反映了Constable对乡村生活的怀旧和对简单生活方式的推崇。他通过这幅画赋予了普通的农村场景以历史和宗教题材画作才有的宏大感，从而提升了风景画在艺术中的地位。这种风格上的革新对后来的现实主义风格产生了深远的影响', '成熟期阶段是康斯特布尔艺术生涯中最具有影响力的阶段之一。他的作品在当时并未获得广泛认可，但后来成为了英国浪漫主义风景画的典范，对后世艺术家产生了深远影响。', 'The Hay Wain');
INSERT INTO `phases` VALUES (62, 20, '1830年代 - 晚年', '晚期', '晚年的康斯特布尔继续坚持自己的绘画风格，但作品中开始显现出更多的内省和情感。他的画笔变得更加自由，色彩更加丰富，表现出对自然的更深层次的认识和理解。', 'Salisbury Cathedral from the Meadows由John Constable在1831年创作，这幅作品深受个人情感的影响，特别是在他妻子去世后三年创作此画。画中的彩虹象征着经历风暴后的希望和更新，反映了Constable对个人损失的情感反应和对自然景观的深刻观察', 'Constable在此作品中展现了他特有的浪漫科学家的一面，将科学的精确性与情感的表达结合在一起。他的画作旨在展现真实的自然界，强调个人经验在捕捉真理中的重要性。这幅画通过对光、色彩和细节的精细处理，展现了一个典型的英国乡村风景', '画作通过彩虹和教堂等元素，象征性地表达了生命与死亡、信仰与希望之间的对话。Constable通过这幅作品传达了对乡村生活的怀旧之情以及对自然美和精神慰藉的追求。这幅画不仅仅是对自然景观的描绘，还深刻地触及了观者的情感，使其成为英国艺术中的标志性作品', '晚期阶段虽然康斯特布尔的作品并未有很大突破，但他对自然风景的深情表达和对光影效果的细腻描绘，为后来英国风景画派的发展奠定了基础。此外，他的作品也在一定程度上影响了印象派和后来的现代主义风格。', 'Salisbury Cathedral from the Meadows');
INSERT INTO `phases` VALUES (63, 21, '1470年代 - 1480年代', ' 初期阶段', '这个阶段，达·芬奇的作品显示出强烈的佛罗伦萨风格，受到其师维罗基奥的影响明显。作品多采用深沉的色调和精细的线条，注重人物表情的细致刻画和情感表达。', 'The Baptism of Christ是由Andrea del Verrocchio在其工作室与年轻的学徒Leonardo da Vinci合作完成的。这幅画作大约完成于1472至1475年间，最初是为佛罗伦萨附近的San Salvi教堂的僧侣们所委托的祭坛画。Leonardo负责画中的部分细节，特别是左侧的天使，这是他使用了当时较新的油画媒介', '这幅作品展示了Verrocchio的雕塑式绘画技巧和对细节的精确掌控，而Leonardo的贡献则展现了其对光影和人物姿态处理的革新。特别是Leonardo所绘的天使，以其自然的姿态和表情，显示出其艺术风格的独到之处。Leonardo在这幅作品中的贡献被认为是他艺术生涯的一个转折点，其对细节的处理尤其展示了他后来作品中常见的技巧和风格', '画作描绘的是基督教中的洗礼仪式，特别强调了神圣和启示的主题。通过画中的神圣光环和圣灵鸽的描绘，传达了宗教仪式的庄严和神圣。Leonardo和Verrocchio的合作，将宗教故事与人文关怀结合，体现了文艺复兴时期对宗教主题的深刻诠释和艺术表现', '这一时期是达·芬奇艺术技能和表现力的初步展现，为他后来更成熟的作品奠定了基础。', 'The Baptism of Christ');
INSERT INTO `phases` VALUES (64, 21, '1480年代 - 1499', '成熟阶段', '达·芬奇在这一时期达到艺术成熟，他开始深入研究解剖学、光影和透视学，作品更注重科学和现实的结合。他的画作具有更强的空间感和动态感。', 'The Last Supper由Leonardo da Vinci创作于1495-1498年，是为米兰的Santa Maria delle Grazie修道院的餐厅墙壁绘制的壁画。这幅画是Ludovico Sforza委托创作的，意在将该场所改造为家族陵墓的一部分', '这幅壁画以其复杂的人物表情和动态、精确的透视技巧和对光影的处理而著称。Leonardo通过将所有透视线指向画中的耶稣，使他成为作品的焦点。此外，他利用建筑结构来增强画面的精神氛围，如窗户形成的光环强调了耶稣的圣性', '\"The Last Supper\"描述了耶稣与其十二门徒共享的最后晚餐，并宣告其中一人将会背叛他的情节。这幅画不仅描绘了基督教的圣餐仪式的起源，还展示了人物间复杂的情感和反应，体现了人性的多面性和深刻的宗教主题', '这是达·芬奇艺术和科学研究并重的阶段，他的许多理论和技术革新都在此期间形成并体现在他的作品中。', 'The Last Supper');
INSERT INTO `phases` VALUES (65, 21, '1500年代 - 1519', '晚期阶段', '达·芬奇在这一阶段继续探索人体解剖和透视等科学领域，同时他的作品表现出更大的自由和实验性，风格上也更为个性化和抽象化。', 'Mona Lisa 或 La Gioconda 是由Leonardo da Vinci 在1503年开始并可能持续到1517年的作品。这幅画是以Lisa Gherardini为模特，由她的丈夫Francesco del Giocondo委托绘制的。这幅肖像画最终没有交付给委托人，而是由Leonardo携带至法国，并在他去世后由法国国王弗朗索瓦一世收购', 'Leonardo在这幅作品中运用了sfumato技术，通过颜色的微妙渐变和多层透明釉的叠加来表现人物的生动性和深度。这种技术使得人物的面部表情具有一种难以捉摸的神秘感，尤其是其标志性的微笑。画作还展示了空气透视法，即背景相对于前景更为模糊，增强了画面的深度感', '\"Mona Lisa\"的微笑及其神秘的眼神引发了广泛的讨论和多种解读，成为了艺术史上的一个重要符号。这幅画不仅展示了个人肖像的革新，还通过背景与人物服饰和发型的和谐统一，表达了人与自然的联系。这种精心设计的和谐与平衡反映了Leonardo对细节的关注和深入的自然观察', '这一阶段是达·芬奇生命晚年的艺术总结，其作品对后世影响深远，展示了他对人性和自然的深刻理解。', 'Mona Lisa');
INSERT INTO `phases` VALUES (66, 22, '1920年代 - 1940年代', '早期阶段', '这一时期的罗斯科主要受到德国表现主义和超现实主义的影响。他的作品多以象征性、神秘主义和梦境为主题，形式上呈现出一种原始的、表现力强烈的风格。', 'Subway（地铁）系列是Mark Rothko在1930年代晚期的作品，这一时期他的画作体现了对城市生活的深刻感悟。这些作品中，Rothko探讨了都市人的孤独和异化感，尤其是在他1938年的作品中，他用表现主义的风格描绘了地铁站内人们的面无表情的轮廓，体现了都市生活中的疏离感', '在这幅作品中，Rothko使用了抽象和简化的风格，通过色彩和简洁的线条来表达复杂的情绪和社会评论。尽管与他后期的色块画风格大相径庭，这些早期作品已经显示出他对色彩和形式的敏感处理能力。此外，他特别利用了色彩来增强画面的情绪效果，暗色调和压抑的色彩选择加强了画面的沉重感', 'Rothko的地铁画作不仅仅是对现实生活的直观描绘，更是对个体在现代社会中孤立无援的心理状态的探讨。这些作品通过表现人物的孤立和情感上的隔阂，反映了作者对都市生活中人际疏离的深刻洞察', '这一阶段罗斯科正在探索个人的艺术语言和表达方式，尚未完全摆脱传统的表现手法。', 'Subway');
INSERT INTO `phases` VALUES (67, 22, '1940年代', '过渡阶段', '这个阶段，罗斯科的作品开始由具象向抽象转变，色彩变得更为丰富和深邃，形式上也趋向简化和抽象。', 'No.3/No.13 (Magenta, Black, Green on Orange) 是Mark Rothko在1949年创作的作品，标志着他在色彩领域的实验和发展的早期阶段。这幅画是在Rothko经历了个人生活中的重大变故后创作的，包括他母亲的去世，这些事件显著影响了他的艺术表达和使用的色彩情绪', '此作品属于色域画(Color Field Painting)风格，特点是使用大面积的色块和柔和的边缘，色块间隔狭窄，色彩间有微妙的交融。这种风格的典型特征是在视觉上创造出一种动态的视觉效果，使色块似乎在画布上浮动。Rothko的这种风格强调色彩和形式的情感深度，试图通过抽象的视觉语言引发观者的情感共鸣', 'Rothko的作品主要探讨基本的人类情感如悲剧、狂喜和命运。他认为，艺术作品的意义不仅仅在于色彩和形式的美学关系，而是在于能够触动观者内心的情感体验。\"No.3/No.13\"中的色块配置和色彩选择反映了他对这些情感的深刻理解和表达', '这是罗斯科艺术风格转变的关键时期，他开始摆脱具象的束缚，探索色彩和形式的内在情感表达。', 'No.3/No.13 (Magenta, Black, Green on Orange)');
INSERT INTO `phases` VALUES (68, 22, '1950年代 - 1960年代', '成熟阶段', '这一时期是罗斯科艺术生涯的高峰期，他创作了大量的“色块”画作，这些作品以大面积的、鲜明的色块和模糊的边界为特征，通过色彩层次的堆叠和对比，传达强烈的情感和哲学思考。', 'Orange, Red, Yellow 是Mark Rothko在1961年创作的色彩领域（Color Field）画作。这幅作品代表了Rothko成熟期的艺术风格，也是其最昂贵的作品之一，2012年以8688万美元的价格售出，创下了后战期现代艺术品公开拍卖的记录', 'Rothko的这幅作品以明亮且温暖的色调为主，使用了橙色、红色和黄色。他的绘画技术包括在未处理的画布上应用多层薄薄的颜料，使用抹布或画刷涂抹，使颜色在画布上融合，创造出一种内在的光彩和辉煌感。这种技术强调了颜色的视觉冲击力和情感表达', 'Rothko的作品旨在引发观者的情感体验，他希望人们在观赏他的作品时能够近距离体验，被色彩包围，感受到其中蕴含的激情、绝望和悲剧。Rothko相信，这些作品能够触动人的基本情感，他甚至指出，有观者在观看这些画作时流泪，体验到了作品的深刻情感', '罗斯科在这一阶段创作出了他最具代表性的作品，这些作品不仅是他个人艺术探索的高峰，也是20世纪抽象艺术的重要成就之一。', 'Orange, Red, Orange');
INSERT INTO `phases` VALUES (69, 22, '1960年代末 - 1970年', '晚期阶段', '罗斯科晚期的作品色调变得更为暗淡和压抑，表现出一种悲观和孤独感，反映了他晚年的心理状态。', 'Untitled (Black on Grey) 是Mark Rothko在1970年创作的作品，属于他生命的最后阶段所创作的黑灰系列画作之一。这些作品标志着他从色彩丰富的抽象表现主义转向更为简约和冥想的风格。这一时期的Rothko受到严重健康问题的困扰，包括心脏病和抑郁症，这些因素深刻影响了他的艺术创作', '这幅作品使用了极其简化的色彩和构图，只有黑色和灰色两个色块，简洁的白边框围绕画布边缘。这种风格的转变反映了Rothko晚年对极简主义的兴趣，以及他试图通过更为简约的视觉语言来表达深层的情感和思想', 'Rothko本人曾表示，这系列作品是关于死亡的，这一主题在他个人的生活中也有所体现，因为他在完成这系列作品不久后结束了自己的生命。然而，艺术作品的开放性使得观众可以在其中看到多种可能的解读，如太空景观或是抽象的情感表达', '这一时期的作品透露出艺术家对生命终结和存在主义的深刻反思，展示了他艺术表达的最终阶段和情感深度。', 'Black and Gray');
INSERT INTO `phases` VALUES (70, 23, '1860年代 - 1870年代', '早期阶段', '这一时期卡萨特的作品多受到传统学院派的影响，她的早期作品集中在肖像画和日常生活场景的描绘，展现了细致的现实主义风格。', 'Portrait of Miss Cassatt, holding the cards 由Mary Cassatt于大约1876年创作，属于印象主义风格。这幅肖像画展示了Cassatt对细腻情感和人物刻画的关注，反映了她在法国艺术界的生活及其与其他印象派艺术家的互动', 'Cassatt的作品通常以其明亮的色彩和生动的画面构成著称，此作品中她通过精确的色调变化和细腻的画面处理展现了其艺术技巧。她的作品常常展示了女性在家庭和社会生活中的角色，通过细致的观察捕捉日常生活的瞬间', '这幅画不仅是对Cassatt自己或她生活中女性的肖像，也可能象征着女性在当时社会中的地位和角色。Cassatt经常探索女性的社会和个人生活，通过她的画作让观众对女性的生活有更深的理解和感受', '这是卡萨特艺术探索的初期，她正在寻找个人的艺术表达方式，同时也在尝试摆脱传统的束缚。', 'Portrait of Miss Cassatt, holding the cards');
INSERT INTO `phases` VALUES (71, 23, '1870年代 - 1880年代', '印象派转变阶段', '在这一阶段，卡萨特的作品风格转向印象派，开始采用更加自由的笔触和明亮的色彩。她的作品主题更加聚焦于私密的家庭生活，尤其是母亲和孩子之间的互动。', 'Children Playing on the Beach由Mary Cassatt在1884年创作。这幅画在Cassatt的姐姐Lydia去世两年后完成，可能作为对她的怀念。Cassatt这段时间深受个人损失的影响，曾暂停绘画半年。此作是在她与生病的母亲到西班牙海边寻求疗养后创作的，反映了她对家庭成员特别是姐姐的怀念', '这幅作品展示了Cassatt的印象派风格，通过油画在画布上描绘了两个小女孩在海滩上的活泼场景。画面以蓝色调为主，表现出天空和大海的宁静，而画面的主体——两个小女孩，则通过更鲜明的颜色突出，显示了孩童间的亲密和无忧无虑的游戏时光。Cassatt精妙地运用色彩和线条构建形式，同时背景则以简化的笔触呈现，增强了前景的视觉焦点​', '这幅画不仅是Cassatt对童年纯真时光的赞美，也可能寓意着对姐姐的缅怀。通过描绘两个小女孩紧密相依的情景，Cassatt传达了亲情和记忆的主题，反映了艺术家对家庭和亲密关系的深刻体悟和珍视', '这一时期卡萨特与印象派画家如埃德加·德加（Edgar Degas）的交流对她的风格产生了显著影响，使她的作品更加注重光影效果和色彩的运用。', 'Children Playing On The Beach');
INSERT INTO `phases` VALUES (72, 23, '1890年代 - 1900年代', '成熟阶段', '到了这一阶段，卡萨特的作品已经成熟，她创造了许多精致的版画和油画作品，这些作品以其对女性和家庭生活细致入微的观察而著称。', 'The Child’s Bath（也称为The Bath）是Mary Cassatt于1893年创作的油画，展示了一位母亲和她的孩子在洗澡时的亲密瞬间。Cassatt在这一时期受到了日本木版画的影响，特别是在1890年在巴黎美术学院看到的展览之后，她开始尝试将日本艺术的构图元素融入自己的作品中', 'Cassatt在这幅画中采用了印象派风格，结合了日本版画的技术，如从上而下的视角和简化的形式感，以及对明暗对比和颜色块的强调。她的这种方法强调了母亲和孩子之间的情感联系，同时也体现了她对形式和色彩的精细处理', '这幅作品深刻地描绘了母亲和孩子之间的亲密关系，强调了母性和家庭生活的温馨与宁静。Cassatt通过母亲细心照顾孩子的场景，传达了家庭内的爱与关怀的主题，同时也展示了女性在家庭中的角色和情感的重要性', '卡萨特在这一阶段巩固了她作为印象派中关注女性主题的重要画家的地位。她的作品展现了女性生活的多种面貌，尤其是母性的温馨与复杂性。', 'The Child’s Bath');
INSERT INTO `phases` VALUES (73, 23, '20世纪初 - 晚年', '晚期阶段', '晚期的卡萨特虽然视力逐渐下降，但她依然活跃在艺术创作中。她的晚期作品多采用简化的形式和更为大胆的色彩。', 'Mother and Child 是Mary Cassatt在1899年左右创作的作品，这幅画描绘了母亲和孩子温馨的一刻。Cassatt经常探索母亲与孩子之间的亲密关系，这些作品通常展现在家庭的私密环境中，如母亲在照顾孩子的日常场景', 'Cassatt的作品风格深受印象派影响，特别是在处理光线和色彩方面。在《Mother and Child》中，她利用柔和的色调和光影效果，营造了一种亲密而温暖的氛围。画作中母亲和孩子的互动被巧妙地捕捉，展示了母亲角色的柔情与关爱', '这幅画不仅反映了Cassatt对家庭内女性角色的关注，也强调了母爱的力量和母亲在家庭中的中心地位。通过描绘母亲和孩子之间的日常互动，Cassatt探讨了家庭生活的真实性和深层次的情感联系。她的这些画作通常旨在赞美母性的美丽和复杂性，同时展现了女性在社会中的重要角色', '这一阶段的作品体现了卡萨特深入探讨的艺术主题和技巧的深化，尽管面临生理上的挑战，她依然保持了艺术创作的热情和高产。', 'Mother And Child');
INSERT INTO `phases` VALUES (74, 24, '1490年代 - 1505年', '早期阶段', '这一阶段，米开朗基罗展示了他卓越的雕塑技巧，作品注重展现人体的力量与美感，细节处理极为精细。', 'The Torment of Saint Anthony 是米开朗基罗早期的作品，大约在1487-1488年间创作，当时他只有12或13岁。这幅作品是基于马丁·肖恩高尔的版画《圣安东尼的诱惑》，米开朗基罗进行了改编，添加了自己的创新元素。这幅画是米开朗基罗的第一幅已知的画作，展示了他早期的绘画才能和艺术视角', '在这幅作品中，米开朗基罗不仅简单地复制了肖恩高尔的作品，还加入了自己的艺术处理，如增加背景中的风景和对恶魔形象的自然主义描述，如在恶魔身上添加了鱼鳞。此外，他还在画作中引入了火元素，增加了视觉上的戏剧性。米开朗基罗的这些改变显示了他如何在模仿中加入个人风格，预示了他后来在艺术上的成就', '画作描绘了圣安东尼在沙漠中受到恶魔的折磨和诱惑，这是基督教艺术中常见的题材。通过这幅作品，米开朗基罗探讨了信仰和精神试炼的主题，表现了圣徒在逆境中坚持信仰的勇气和力量。这幅画不仅是一个宗教故事的描绘，也反映了年轻艺术家对复杂人物和情感的深刻理解​', '这是米开朗基罗艺术生涯的起始阶段，他在这一时期确立了自己作为一名雕塑家的声誉，其作品展示了对人体结构和情感表达的深刻理解。', 'The Torment of Saint Anthony');
INSERT INTO `phases` VALUES (75, 24, '1505 - 1534', '成熟阶段', '这一时期，米开朗基罗的作品涵盖了雕塑、绘画和建筑等多个领域，展现出他艺术才能的多样性和深度。', 'The Creation of Adam 是米开朗基罗在西斯廷教堂天顶上创作的壁画之一，完成于1508至1512年间。这幅壁画是由教皇朱利叶斯二世委托制作的，作为天顶上的一系列创世记故事的一部分。在这幅作品中，米开朗基罗展现了上帝与第一人亚当之间的创造场景', '米开朗基罗在这幅作品中展现了其精湛的解剖学知识和对比例的精确掌握。画面中，上帝和亚当几乎触碰的手指成为了整个画面的焦点，象征着神性与人性的接触与分离。此外，米开朗基罗使用了鲜明的颜色和光影技巧来增强画面的戏剧性和动态感​', '这幅壁画不仅描绘了基督教中上帝创造人类的故事，还可能包含了对人类智慧和创造力的颂扬。一些学者认为，画中的人物与背景布局可能隐含了对文艺复兴时期人文主义思想的反映。此外，这幅画还探讨了神与人的关系，以及人类自身的神性', '这一时期是米开朗基罗创作生涯的黄金时期，他的作品不仅技艺高超，而且充满创新和情感力量，对后世产生了深远的影响。', 'Sistine Chapel Ceiling: Creation of Adam');
INSERT INTO `phases` VALUES (76, 24, '1534 - 1564', '晚期阶段', '晚期的米开朗基罗越来越多地从事建筑设计和诗歌创作，同时他的绘画和雕塑作品展现出更为复杂和抽象的风格。', 'The Last Judgement 是米开朗基罗在西斯廷教堂祭坛墙上创作的壁画，作品于1536年至1541年间完成。这幅壁画是由教皇克莱门特七世委托，并在保罗三世的统治下完成。它涵盖了基督教末日审判的主题，显示基督判断人类并决定他们的命运', '这幅作品描绘了超过300个肌肉发达的人物，用动态的姿势填满了画面。米开朗基罗的这幅作品突破了传统的边框限制，表现了一个无边的视觉场景。画面中，圣人们围绕着基督，每个人物都充满了动力和表情，显示出米开朗基罗在人体解剖和表情刻画上的精湛技艺', '这幅壁画不仅展示了世界末日的宗教场景，还深刻表达了人类的审判和救赎。画中的人物表情丰富，通过他们的姿态和表情传递了审判的紧迫感和终极审判的重大意义。此外，米开朗基罗巧妙地将一些个人化的元素融入作品中，如他自己的自画像出现在圣巴塞洛缪手中的皮肤上，增添了作品的个人和艺术深度', '米开朗基罗在晚年展示了更深层次的思考和探索，他的作品更加注重精神表达和哲学意蕴，展现了一个艺术家对生命和死亡主题的深刻反思。', 'The Last Judgement');
INSERT INTO `phases` VALUES (77, 25, '1900年代初 - 1910年代', '初期阶段', '这一时期科科施卡的作品深受表现主义的影响，风格大胆，色彩鲜明，形式扭曲，强调情感表达和心理状态的描绘。', 'Die träumenden Knaben（The Dreaming Boys）是奥斯卡·科科施卡于1908年创作的图画书。这本书最初是作为一本儿童书籍被设计的，由维也纳工作坊（Wiener Werkstätte）的财务支持者弗里茨·韦恩多夫（Fritz Waerndorfer）委托制作。然而，科科施卡以其独特的表达主义风格，将其转化为一部含有性暗示和情感表达的作品，这显著超出了常规儿童文学的界限', '在这部作品中，科科施卡采用了明亮的色彩和强烈的黑色轮廓线，这些特点受到了日本木版画的影响。书中的图像展示了复杂的情感和神话般的场景，体现了科科施卡对于形式和颜色的革新使用。其人物表现手法扭曲而充满表现力，预示了表达主义艺术的兴起', '\"Die träumenden Knaben\"探讨了成长与性觉醒的主题，通过一个关于青少年爱情和性的故事，反映了科科施卡对现代都市生活和传统价值的批判。这本书的内容和图像充满了象征意义，描绘了从纯真到觉醒的过渡，以及这一过程中伴随的情感复杂性和社会挑战', '这是科科施卡艺术生涯的早期探索阶段，他的作品集中表达了个人的焦虑、战争的恐惧以及社会的动荡。', 'The Dreaming Boys');
INSERT INTO `phases` VALUES (78, 25, '1910年代 - 1930年代', '战争与后战争阶段', '这一时期科科施卡的作品反映了战争的创伤和个人的精神挣扎。他的画作在战争后变得更为深沉，色彩更加暗淡，主题涉及战争的残酷和人性的探索。', 'Bride of the Wind（风之新娘），又名The Tempest（风暴），是奥斯卡·科科施卡在1913-1914年创作的代表作。这幅画作于科科施卡与其情人阿尔玛·马勒从意大利之旅回到维也纳后开始创作。画中展示了两位恋人在风暴中相依为命的情景，是科科施卡与马勒热烈而复杂的关系的象征性描绘', '科科施卡使用了宽阔而厚重的笔触，配合深蓝色的背景，营造出一种梦幻或想象中的场景。画中的男性（科科施卡自画像）与安静入睡的女性（马勒）形成鲜明对比，他们被描绘成在巨浪中飘浮，这反映了他们关系中的紧张与激情', '这幅作品不仅展示了一段关系中的情感动荡，也表达了爱情的力量和破坏性。科科施卡通过这幅作品探讨了人类情感的复杂性，特别是在面对生活风暴时的依赖与保护。此外，这幅画也展示了科科施卡对于爱情和关系的深刻反思', '科科施卡在这一阶段的作品体现了对战争经历的深刻反思和对人性深层的探讨，是他从战争影响中寻找艺术表达的结果。', 'Bride of the Wind');
INSERT INTO `phases` VALUES (79, 25, '1940年代 - 1980年代', '成熟阶段', '这一时期，科科施卡的作品趋于成熟和平和，他继续探索表现主义，但色彩和主题相对更加柔和和平衡。他的画作更多聚焦于人物肖像以及风景画。', 'Venice Dogana 是Oskar Kokoschka在1948年创作的作品。这幅画描绘了威尼斯的教区海关大楼（Dogana）和周围的景观。科科施卡在1948年的夏天，为参加在威尼斯双年展中代表奥地利而提前到威尼斯，这幅作品反映了他在这次旅行中的所见所感', '作品中，科科施卡采用了表现主义风格，通过强烈的色彩和生动的画面构成，表现了威尼斯独特的城市景观。在这幅画中，他运用了深邃的蓝色和充满活力的笔触，捕捉了水城的魅力和动态，展现了他对这座城市的深刻感受和艺术表达', '这幅画不仅是对威尼斯风景的艺术再现，也表达了科科施卡对于城市文化和历史的深刻思考。通过对威尼斯独特建筑的描绘和环境的再现，科科施卡探索了艺术与地域文化之间的联系，同时也体现了他在晚期对于自然和城市景观的艺术追求', '科科施卡晚期的艺术生涯显示了他对生活和自然的深刻感悟以及艺术表达的高度自我整合。', 'Venice Dogana');
INSERT INTO `phases` VALUES (80, 26, '1901 - 1904', '蓝色时期', '这一时期的作品以蓝色调为主，表现出悲伤和忧郁的情绪。毕加索的画作多关注社会边缘人物如乞丐、流浪者和病人。', 'The Old Guitarist 是巴勃罗·毕加索于1903至1904年间创作的一幅画作，属于他的蓝色时期。这幅画描绘了一个盲眼的老吉他手，体现了毕加索对社会边缘人物的关注。此作品是在他经历了朋友自杀的悲伤之后创作的，这一时期的作品多反映了悲观和孤独的情感', '在这幅作品中，毕加索使用了单一的冷色调，几乎整幅画都浸染在一种深沉的蓝色和蓝绿色之中，这种颜色选择加强了画面的忧郁氛围。画中的老人身材消瘦，姿态弯曲，这种夸张的形体表现是毕加索借鉴了16世纪画家埃尔·格雷科的风格', '这幅画不仅描绘了一位艺术家在生活困境中的孤独和绝望，也探讨了艺术与生存之间的关系。老吉他手的形象象征了在逆境中寻求心灵慰藉的艺术家，同时反映了毕加索对于人类苦难的深刻同情和艺术表达的力量', '蓝色时期反映了毕加索个人生活中的困境和挑战，这一阶段的作品深受批评家和历史学家的重视，被视为其早期成熟作品的标志。', 'The old blind guitarist');
INSERT INTO `phases` VALUES (81, 26, '1904 - 1906', '粉红色时期', '这一时期的作品色调变为温暖的粉红色和橙色，主题多与马戏团和戏剧世界有关，气氛较蓝色时期明朗。', 'Family of Saltimbanques（流浪艺人之家）是巴勃罗·毕加索在1905年创作的一幅画，代表了他的玫瑰时期的主要作品。这幅画描绘了一群流浪艺人在荒凉的风景中的集体肖像，是毕加索对他自己生活和艺术家生活的一种自传式表现', '在这幅作品中，毕加索使用了浅色调和温暖的色彩来营造一种梦幻般的氛围，与他早期的蓝色时期形成鲜明对比。他通过这种色彩和细腻的画面布局，展示了流浪艺人生活的孤独与离散感。这幅画的构图和情感表达深受文艺复兴时期画作的影响，尤其是在人物表现上的简洁和高雅', '毕加索在这幅画中不仅表达了对流浪艺人孤独生活的同情，也探讨了艺术家与社会边缘人群的联系。通过对这些角色的描绘，毕加索探索了艺术创作与个人经历之间的深层联系，同时反映了他对于人类状况的深刻思考和艺术表达的复杂性', '粉红色时期标志着毕加索情绪的明显转变，他开始探索新的主题和表现形式，这一时期的作品更多显示出温馨和乐观的情感。', 'Family of acrobats');
INSERT INTO `phases` VALUES (82, 26, '1907 - 1912', '分析立体主义', '分析立体主义是毕加索与乔治·布拉克（Georges Braque）共同发展的风格，通过解构物体并重新组合在抽象和几何形式上来表现主题，重视结构而非色彩。', 'Les Demoiselles d’Avignon，也被称为《阿维尼翁的少女》，是巴勃罗·毕加索于1907年创作的画作，标志着现代艺术的重大转变，尤其是立体主义的起点。这幅画描绘了五名裸体女性，这些人物被认为是妓女，场景设定在阿维尼翁的一家妓院。毕加索通过这幅作品，挑战了传统的人体和透视表现手法', '此作品彻底打破了传统的艺术形式，采用了扭曲的人体形态和尖锐的几何图形，这种风格后来发展成为立体主义的核心特征。画中的女性形象以非传统的方式展现，具有强烈的非洲和伊比利亚艺术的影响，显示了毕加索对西方传统美学的颠覆', '这幅画不仅仅是对形式的革新，更是对观念的挑战。毕加索探讨了性别、性和权力的主题，通过展现女性的裸体和直白的性暗示，挑战了观众的舒适区。此外，这幅作品也反映了毕加索对当时社会道德和审美观念的批判态度', '分析立体主义标志着现代艺术的一次重大变革，毕加索通过这一风格探索了视觉艺术的新领域，对后来的艺术发展产生了深远影响。', 'The girls of Avignon');
INSERT INTO `phases` VALUES (83, 26, '1912 - 1919', '合成立体主义', '合成立体主义强调在画面上组合不同的材料和符号，例如使用拼贴的方法将报纸、烟盒等日常物品直接贴在画布上。', '《格尔尼卡》是巴勃罗·毕加索于1937年创作的一幅油画，反映了纳粹德国和法西斯意大利战机轰炸西班牙巴斯克地区小镇格尔尼卡的惨状。此事件发生在西班牙内战期间，该画作最初在1937年巴黎世界博览会上展出，后来成为全球范围内反战的象征', '《格尔尼卡》采用了立体主义和超现实主义风格的特点，画面布局混乱，角度多变，色彩以黑白灰为主，强调战争的残酷和摧毁性。画中的人物和动物形态扭曲，表达了极大的痛苦和混乱', '毕加索通过《格尔尼卡》表达了对战争的强烈抗议和对和平的渴望。画中的牛和马分别象征着暴力和民众的痛苦。整个作品传达了对无辜平民遭受战争蹂躏的深刻同情和批判', '合成立体主义进一步扩展了毕加索对立体主义的探索，其使用的材料和技术创新为现代艺', 'Guernica');
INSERT INTO `phases` VALUES (84, 27, '1860年代 - 1870年代', '早期阶段', '这一阶段，塞尚的作品受到浪漫主义和现实主义的影响，色彩较为暗沉，主题偏向情感表达和戏剧性场景。', '《吊人之家》是保罗·塞尚在1873年于奥弗尔-瑟瓦兹创作的作品。这幅画在塞尚的职业生涯中具有重要地位，是他首次在印象派展览中展出的三幅作品之一。此画反映了他与卡米耶·毕沙罗的合作影响，毕沙罗的建议帮助他从较早期的阴暗风格转向更轻快明亮的触感​', '这幅作品展现了塞尚向印象派风格的过渡，特别是在色彩使用和画笔技巧上的改变。画中使用了断裂的画笔技法，颜色相比他早期作品更为淡雅。尽管受到印象派的影响，塞尚保留了独特的触感，使得作品与其他印象派艺术家的作品有所不同。整体构图复杂，没有明显的焦点，体现了塞尚对传统绘画规则的挑战', '《吊人之家》虽然名为“吊人”，但实际并未描绘自杀或绞刑的场景。这个名称来源于画中房屋曾由一个名为Penn’Du的布列塔尼人拥有，其名字与法语中“被吊者”发音相近。这幅画描绘的是一座孤立的、无人的乡村住宅，传达出一种孤独和冷清的氛围，反映了自然与人类居住的矛盾和张力', '这是塞尚艺术探索的初期，他在这一时期尝试和模仿不同的艺术风格，为后来的风格变革奠定基础。', 'The Hanged Man’s House in Auvers');
INSERT INTO `phases` VALUES (85, 27, '1870年代 - 1880年代', '印象派阶段', '在这一时期，塞尚开始接触并受到印象派影响，他的画作色彩变得更加明亮，笔触更为自由和松散，开始注重光线和色彩的表现。', '《圣维克多山与阿尔克河谷高架桥》由保罗·塞尚于1882至1885年间创作，描绘了他家乡艾克斯附近的风景。此画反映了塞尚对自然的深刻观察和他对画面空间构建的探索。画中的阿尔克河谷和高架桥，展示了塞尚如何将自然景观与人造结构融为一体', '此作品体现了塞尚成熟期的艺术风格，他通过浓厚的色彩和结构感强调了画面的深度和空间感。塞尚使用大胆的几何形状和活跃的色彩对比，突出了画面中的山峰和谷底的平行层次，这些手法在他晚期作品中趋于完善', '塞尚在此系列作品中探索了形式与色彩之间的关系，以及如何通过这些元素来传达视觉体验的动态性。《圣维克多山与阿尔克河谷高架桥》不仅是对自然景观的描绘，也反映了塞尚对画面构成的深思，以及他如何通过绘画探讨形式与空间的关系', '塞尚在这一阶段开始从传统的表现方式中解放出来，逐步发展出自己独特的风格，这一时期的作品为他日后更深入的艺术探索打下了坚实的基础。', 'Mont Sainte-Victoire and the Viaduct of the Arc River Valley');
INSERT INTO `phases` VALUES (86, 27, '1890年代 - 1906年', '成熟阶段', '这是塞尚艺术生涯的顶峰期，他的作品展现出对形式和色彩的深刻理解，通过构图的稳固和色块的分割，探索物体的本质和结构。', '保罗·塞尚的《圣维克多山》系列体现了他对家乡艾克斯周边风景的深情描绘。从1870年代直至1906年逝世，塞尚多次描绘了这座山，尤其是在他1901年购买了望向圣维克多山的土地后，这一主题成为他作品中的核心元素。塞尚在这块土地上建造了工作室，专注于捕捉山的各种面貌', '塞尚在《圣维克多山》系列中采用了大胆的几何形状和充满活力的色彩调色板。这些作品不仅展示了形式与色彩之间的关系，还通过对光线和阴影的精妙处理，增加了画面的深度和动态感。塞尚使用冷暖色调来增强空间感，使观众的视觉体验更为丰富和引人入胜', '这一系列作品探索了自然与抽象之间的界限，塞尚试图通过简化自然形态来捕捉其本质。《圣维克多山》不仅是对自然景观的再现，更是塞尚对画面结构和色彩运用的深入研究。通过这些画作，塞尚展示了他如何将传统的风景画转变为表达个人情感和视觉探索的媒介', '这一阶段的塞尚被认为是现代艺术的先驱，他的“构成”理论和对自然界几何形态的表现对库布里斯、毕加索等后来的艺术家产生了深远的影响。', 'Mont Sainte-Victoire');
INSERT INTO `phases` VALUES (87, 28, '1880年代', '早期阶段', '这一阶段，高更的作品受到印象派的影响，主要表现为对光线和色彩的自由运用。他的作品中已经开始体现出对传统形式的突破，尝试以更为简化和象征的方式表达视觉印象。', '《牛和马在草地上》由保罗·高更于1885年创作。这幅作品属于他的印象主义时期，高更在这一时期探索了自然主题和乡村生活的描绘。此画描绘了一幅宁静的乡村景象，展示了高更对自然美景的热爱和对细节的敏感观察', '这幅作品采用了印象主义风格，通过生动的色彩和光影效果，展现了一幅生动的乡村场景。画中的色彩丰富而和谐，使用了大量的绿色和棕色调，体现了自然的丰富多彩。高更通过粗犷而富有表现力的笔触，增强了画面的动态感和表现力', '《牛和马在草地上》主题简单直接，是对乡村生活的一种颂扬。画作不仅仅是对动物和自然景观的写实，更通过这些元素表达了对和谐与宁静生活方式的向往。这幅画作通过展现乡村的宁静与和谐，反映了高更对逃离都市生活，追求自然和简朴生活的向往', '这一阶段高更在艺术上的实验为他后来的风格转变打下了基础，开始逐渐摆脱印象派的影响，探索更个性化的表达方式。', 'Horse and Cow in a Meadow');
INSERT INTO `phases` VALUES (88, 28, '1886 - 1891', '布列塔尼阶段', '高更在布列塔尼的这一阶段，作品中的色彩变得更加鲜明和对比强烈，形式上也更加简化和抽象，他开始深入探索象征主义，通过强烈的色彩和简化的形式来表达更深层次的情感和神秘感。', '《布道后的异象》由保罗·高更于1888年在法国布列塔尼的庞泰文创作。这幅画标志着高更从印象主义向合成主义的风格转变，展示了他对传统绘画规则的挑战和对更深层次象征意义的探索。画中的场景描绘了布列塔尼妇女在教堂布道后，通过信仰体验到圣经中雅各与天使搏斗的异象', '高更在此作品中采用了大胆的色彩和简化的形式，通过红色的土地和黑色的服装形成鲜明对比，增强了视觉冲击力。画作中显著的对角线构图，如画面中央的苹果树，创造了现实与异象之间的视觉分隔。这种风格的使用反映了高更受到日本浮世绘影响的独特视觉语言', '《布道后的异象》不仅是对圣经故事的再现，更是对信仰与现实之间界限的探讨。高更通过这幅画探索了宗教信仰如何塑造我们对世界的理解和感知，以及艺术家如何通过象征和颜色表达更深层次的情感和思想。画中的苹果树象征知识与救赎，而红色的土地则象征着激烈的精神斗争和可能的救赎', '这一阶段是高更风格转变的关键时期，他的作品开始脱离现实主义，表现出更多的象征和抽象倾向，对后来的原始主义和现代艺术产生了重要影响。', 'The Vision after the Sermon');
INSERT INTO `phases` VALUES (89, 28, '1891 - 1903', '太平洋阶段', '这一阶段高更完全摆脱了欧洲传统艺术的束缚，他的作品中融入了大量的塔希提和马克萨斯的文化元素，使用鲜艳的色彩和简化的形式来表达异国的自然和土著人的生活。', '《我们从哪里来？我们是谁？我们将往何处去？》是保罗·高更于1897至1898年在塔希提岛创作的作品。这幅画是在高更经历个人危机和生命的深刻反思期间完成的，他当时正面临财务困境并考虑自杀。这幅作品被视为他的遗作，体现了他对生命意义的深刻探索​', '这幅作品展现了高更独特的象征主义风格，使用了大面积的鲜明色彩和简化的形式，创造出一种几乎是神话般的场景。画面布局从右至左，反映了生命的不同阶段，从出生到死亡。高更采用了粗糙的麻布作为画布，加强了作品的原始感和历史感', '此画不仅是高更对自己生命哲学的反思，也探讨了普遍的人生问题，如生命的起源、人的存在意义及人类的最终归宿。通过对这些永恒问题的表达，高更希望观者在观看作品时，也能对自身的生命经历和存在进行思考', '在这一阶段，高更创作了一些最著名的作品，这些作品展现了他对异域文化的理想化和浪漫化，对20世纪现代艺术的发展产生了重要影响，特别是在原始主义和象征主义的探索上。', 'Where Do We Come From? What Are We? Where Are We Going?');
INSERT INTO `phases` VALUES (90, 29, '1900 - 1914', '早期阶段', '这一阶段，克利的作品受到象征主义和表现主义的影响。他的画作常带有梦幻般的质感，使用细腻的线条和淡淡的色彩。', '《Mit der Gaslampe》（带煤气灯）由保罗·克利在1920年创作，这幅作品描绘了一种近乎抽象的空间，其中包括几何形状和互相交织的色彩，反映了克利对光与色彩的深刻探索。克利的这一时期作品常常融合了现实主义和超现实主义的元素，展现出其对内心世界和梦幻般景象的描绘', '克利的作品风格深受表现主义、立体主义和超现实主义的影响。《Mit der Gaslampe》利用简洁的线条和色块，以及光与影的对比，创造了一种梦幻而神秘的氛围。他的这种风格强调了形式与内容的统一，以及色彩和形状的和谐搭配，反映了他对形式和色彩理论的深入研究和实验', '这幅作品中，克利探讨了光作为启示和启迪之源的主题。煤气灯不仅仅是光源，也象征着知识、启示和个人内省的力量。通过这样的象征，克利表达了对于光明与黑暗、见与不见之间界限的哲学思考，揭示了视觉和感知在现实与想象之间的复杂关系', '这是克利艺术生涯的探索阶段，他在这一时期试验了多种风格和技术，逐渐发展出自己独特的艺术语言。', 'Mit der Gaslampe');
INSERT INTO `phases` VALUES (91, 29, '1914 - 1921', '巴伐利亚和突尼斯之旅', '突尼斯之旅对克利的艺术产生了深远影响，他的色彩变得更加鲜明和大胆。这一时期的作品中，他开始更多地使用抽象的形式和象征的符号。', '《南方（突尼斯）花园》是保罗·克利在1919年创作的作品，反映了他对突尼斯旅行的印象。这次旅行对他的艺术风格产生了深远的影响，使他的作品色彩更为丰富和多变。此作品采用水彩技术，展示了克利对抽象艺术的探索', '克利在这幅作品中使用了大胆的颜色和抽象的形式，通过水彩的混合和层次感表现出非常独特的视觉效果。他的风格深受表现主义和超现实主义的影响，善于通过简洁的线条和色块创造出富有表现力的画面', '《南方（突尼斯）花园》展现了克利对自然和环境的深刻感受，以及他对突尼斯风光的艺术再现。通过这幅作品，克利不仅表达了对异国景致的向往，也探讨了色彩和形式如何传达情感和感官体验', '这一阶段是克利艺术风格的转折点，他的作品从此展现出更为抽象和象征性的特征，色彩使用更为大胆和创新。', 'Southern (Tunisian) gardens');
INSERT INTO `phases` VALUES (92, 29, '1921 - 1931', '鲍豪斯时期', '在鲍豪斯期间，克利的作品特点为系统性的色彩理论和构图方法的探索，他的作品更趋于几何化和抽象化，同时也体现了鲍豪斯的教学理念和艺术实践。', '《Senecio》由保罗·克利于1922年创作，是他在瑞士巴塞尔的库恩斯特博物馆永久收藏的代表作之一。这幅作品体现了克利的幽默感和对非洲文化的艺术表达，使用了简单的几何形状和鲜明的色彩来构建一个老人的抽象肖像', '《Senecio》采用了立体主义风格，通过橙色、红色、黄色等色块的组合，以及简化的几何图形来创造面部表情。画面中的形状简洁而有力，如三角形和曲线共同作用于构成眼睛和眉毛，给人以视觉错觉', '克利在这幅作品中探讨了艺术与幻觉之间的关系，以及戏剧世界的复杂性。通过对一个看似简单但富有表现力的老人面孔的描绘，克利不仅反映了对传统肖像的重新解读，还体现了他对色彩和形式如何表达人类情感的深入研究​', '这一时期的克利是现代艺术教育的重要贡献者之一，他的理论和作品对鲍豪斯学校以及更广泛的现代艺术界都产生了深远的影响。', 'Senecio');
INSERT INTO `phases` VALUES (93, 29, '1931 - 1940', '晚期阶段', '晚期的克利作品更为直观和自由，他继续探索符号和抽象的表现形式，同时作品中也流露出一种深刻的个人感悟和对生命的反思。', '《英勇的玫瑰》是保罗·克利在1938年创作的油画作品，此时克利的健康已大受影响，他的作品趋向于简化和象征。这幅画是在他生命的最后几年中创作的，表现了他对病痛的抗争以及对生命的顽强执着', '这幅作品采用抽象风格，展示了三朵红色的抽象玫瑰，背景为暗淡的绿色和蓝色。克利在这幅画中的色彩使用相对平淡，但仍显示出其对色彩的敏感和独到的运用。整体作品风格简约，线条和形状的运用具有克利特有的象征意味', '《英勇的玫瑰》反映了克利对自然形态的抽象表达和对美的追求。通过对玫瑰这一传统美学符号的抽象处理，克利探讨了艺术与自然、现实与理想之间的关系。这幅作品不仅是对自然美的再现，也是对生命坚韧不拔的颂歌', '晚期是克利个人风格完全成熟的时期，他的作品充满了哲思和象征意义，对后来的超现实主义和抽象表现主义都有一定的影响。', 'Heroic Roses');
INSERT INTO `phases` VALUES (94, 30, '1590年代 - 1608', '学徒与早期阶段', '鲁本斯在这一阶段受到意大利文艺复兴大师如提香、卡拉瓦乔的影响。他的作品特点为强烈的色彩对比和动态的人物表现，以及对光影效果的精细把握。', '《Equestrian Portrait of the Duke of Lerma》是彼得·保罗·鲁本斯于1603年创作的作品。这幅画描绘了西班牙的弗朗西斯科·德·桑多瓦尔（第一代莱尔马公爵），他是菲利普三世的宠臣，并在画中被展示为西班牙军队的领袖。这幅作品体现了鲁本斯的早期风格，并展示了他对形式的深刻理解和掌握', '这幅画作采用了巴洛克风格，强调了动感和戏剧性，展示了莱尔马公爵骑在白马上的雄姿英发。鲁本斯使用了典型的巴洛克色彩和光影对比，增加了作品的动态感和视觉冲击力。画作中的人物和马匹都表现得生动而具有力量感', '这幅肖像画不仅是对莱尔马公爵个人的颂扬，也象征了西班牙的军事和政治力量。通过这样的展示，鲁本斯传达了对权力和统治的理解，同时也体现了其作为宫廷画家的社会和政治角色', '这一时期是鲁本斯技艺和风格成型的关键时期，他在意大利的经历极大地丰富了他的艺术视野。', 'Equestrian Portrait of the Duke of Lerma');
INSERT INTO `phases` VALUES (95, 30, '1609 - 1621', '成熟阶段', '回到安特卫普后，鲁本斯成为了欧洲最著名的画家之一。他的作品以宏大的历史画和神话题材为主，画风华丽且富有表现力，强调动作和情感的戏剧性。', '《勒乌基普斯的女儿被劫》是彼得·保罗·鲁本斯和扬·威尔登斯于1618年合作创作的作品，现收藏于慕尼黑的老国家美术馆。这幅画描绘了希腊神话中的孪生兄弟卡斯托尔和波吕克斯劫持勒乌基普斯的女儿希莱拉和费厄白的场景', '这幅作品是鲁本斯典型的巴洛克风格，通过充满动感的构图和丰富的色彩表现出极强的视觉冲击力。画面中的人物动作夸张，充满力量感，而鲁本斯精湛的光影处理更增添了戏剧性和深度', '该作品通过描绘古希腊神话故事，探讨了人性和情感的复杂性。画中的劫持场景不仅是对神话的再现，也反映了鲁本斯对人物内心情感和道德冲突的深刻描绘', '这一阶段鲁本斯的作品达到了艺术表现的巅峰，他不仅是一位画家，也是一个外交家和商人，其工作室大量生产作品，对整个欧洲艺术风格产生了深远影响。', 'Abduction of the Daughters of Leucippus');
INSERT INTO `phases` VALUES (96, 30, '1621 - 1640', '晚期阶段', '晚期的鲁本斯作品更加注重色彩的丰富和细腻，风格上更为个性化和内省。他开始探索更多关于自然景观的主题，并且在肖像画中表现出更深的心理描写。', '《无辜者的屠杀》是彼得·保罗·鲁本斯在1612年创作的作品，描绘了马太福音中希律王命令屠杀伯利恒城及其周边地区所有两岁及以下男婴的事件。这幅画展示了鲁本斯从意大利巴洛克画派学到的表现技巧，充分体现了其对色彩和戏剧性场景的掌握', '这幅画采用了巴洛克风格，通过强烈的光影对比和生动的动作描绘了这一悲惨事件的混乱场景。鲁本斯特有的色彩运用和对复杂情感的表达，使得这幅作品在视觉和情感上都极具冲击力​', '《无辜者的屠杀》不仅仅是对圣经故事的再现，更是鲁本斯对人性暴行的深刻反思。通过展现无辜婴儿的残酷杀戮，鲁本斯探讨了权力、无辜与牺牲的主题，同时也反映了当时宗教和政治冲突的残酷性', '鲁本斯在晚期的作品中，其艺术风格变得更加成熟和深沉，显示出他对人性和自然的深刻洞察力，这一时期的作品同样受到了高度评价。', 'Massacre of the Innocents');
INSERT INTO `phases` VALUES (97, 31, '1860年代 - 1880年代', '初期印象派阶段', '雷诺阿在这一时期的作品典型地体现了印象派的风格，特点是轻快的笔触、明亮的色彩和对光影变化的敏感捕捉。他的作品经常描绘户外场景、社交活动和个人肖像，展现了日常生活的美好瞬间。', '《Gabrielle with a Rose》由皮埃尔-奥古斯特·雷诺瓦（Pierre-Auguste Renoir）在1911年创作。这幅作品描绘了雷诺瓦的长期模特和看护加布里埃尔·雷纳德（Gabrielle Renard），她不仅是家中的保姆，也成为了雷诺瓦的重要灵感来源。加布里埃尔对雷诺瓦及其家庭有着深远的影响，她参与了雷诺瓦一些最重要作品的创作，并在艺术家晚年提供了大量支持', '作品采用了雷诺瓦特有的印象派风格，通过细腻且富有表现力的笔触捕捉加布里埃尔的容貌和表情。画中的玫瑰花则象征着她的美丽与雷诺瓦对她的珍视。雷诺瓦的画作常展示其对光线和色彩的敏感捕捉，而这幅作品也不例外，展现了其对细节的精湛描绘', '这幅画不仅是对一个个人的肖像，更是对一段深厚关系的纪念。雷诺瓦通过描绘加布里埃尔手持玫瑰的温柔场景，传达了对她个人特质的赞美和对她在自己艺术及个人生活中所扮演角色的尊重。此作品反映了艺术家对美的持续探索以及对亲密关系中纯粹美好的珍视', '这一时期是雷诺阿艺术生涯的起飞阶段，他与莫奈、西斯莱等印象派画家共同展览，共同推动了印象派运动的发展。', 'Gabrielle with a Rose');
INSERT INTO `phases` VALUES (98, 31, '1880年代 - 1890年代', '过渡期', '这一时期雷诺阿的风格发生了转变，他开始远离典型的印象派风格，转向更加结构化和古典化的表现。他的作品在这一时期开始强调线条和形体的重要性，色彩变得更加温暖和饱满。', '《By the Seashore》由皮埃尔-奥古斯特·雷诺瓦（Pierre-Auguste Renoir）于1883年创作，目前收藏于纽约大都会艺术博物馆。在1881-1882年间，雷诺瓦前往意大利，深受文艺复兴艺术的影响，这次旅行后，他开始探索一种新的绘画方式，强调人物轮廓和造型，逐渐从印象派的传统风格中转变', '该作品标志着雷诺瓦风格的转变，从传统印象派的户外即兴画法转向更为精细的工作室创作。他开始重视细节描绘和结构感，减少了户外光影变化的即时捕捉。《By the Seashore》中，雷诺瓦通过细腻的笔触和明亮的色彩，描绘了坐在海边的女性（他的未来妻子Aline Charigot）的优雅与静谧', '此画作主题聚焦于个人肖像与自然风景的和谐结合。画中人物面向观众，身着时尚服装，背景则是模糊的海岸线和远处的帆船，展现了雷诺瓦对人物与环境关系的深刻洞察。此外，作品也反映了雷诺瓦对其伴侣的深情和对美的持续追求', '这一阶段标志着雷诺阿对个人风格的深化探索，他开始回归传统绘画技法，尝试结合印象派的光影效果和更传统的形式美感。', 'By the Seashore');
INSERT INTO `phases` VALUES (99, 31, '1890年代 - 1919年', '晚期', '晚年的雷诺阿虽然受到风湿病的困扰，但他的作品更加注重形体的优美和色彩的和谐。这一时期的作品充满了生活的乐趣和对美的赞美，尤其是在描绘女性和儿童时更显温柔和细腻。', '《Gabrielle with a Rose》由皮埃尔-奥古斯特·雷诺瓦（Pierre-Auguste Renoir）在1911年创作。这幅作品描绘了雷诺瓦的长期模特和看护加布里埃尔·雷纳德（Gabrielle Renard），她不仅是家中的保姆，也成为了雷诺瓦的重要灵感来源。加布里埃尔对雷诺瓦及其家庭有着深远的影响，她参与了雷诺瓦一些最重要作品的创作，并在艺术家晚年提供了大量支持', '作品采用了雷诺瓦特有的印象派风格，通过细腻且富有表现力的笔触捕捉加布里埃尔的容貌和表情。画中的玫瑰花则象征着她的美丽与雷诺瓦对她的珍视。雷诺瓦的画作常展示其对光线和色彩的敏感捕捉，而这幅作品也不例外，展现了其对细节的精湛描绘', '这幅画不仅是对一个个人的肖像，更是对一段深厚关系的纪念。雷诺瓦通过描绘加布里埃尔手持玫瑰的温柔场景，传达了对她个人特质的赞美和对她在自己艺术及个人生活中所扮演角色的尊重。此作品反映了艺术家对美的持续探索以及对亲密关系中纯粹美好的珍视', '雷诺阿的晚期作品展现了他对美的不懈追求和生活的热爱，尽管身体受限，他依然坚持创作，展现了艺术家对艺术的无限热情。', 'Gabrielle with a Rose');
INSERT INTO `phases` VALUES (100, 32, '1500 - 1504', '乌尔比诺初期', '拉斐尔在这一时期受到他父亲乔瓦尼·桑齐奥的影响以及乌尔比诺宫廷文化的熏陶。他的早期作品展示了对形式的细腻把握和对色彩的敏感运用，风格温和，色彩明亮。', '拉斐尔创作《马多纳·康斯塔比勒》大约在1502至1504年间，这幅作品是他在离开乌姆布里亚前往佛罗伦萨之前的最后一幅作品。这幅画最初可能是为康斯塔比勒家族所作，后来在1871年被俄罗斯沙皇亚历山大二世购买，并作为礼物赠给了他的妻子。这幅画目前保存在圣彼得堡的艾尔米塔什博物馆', '《马多纳·康斯塔比勒》体现了拉斐尔早期的艺术风格，展现了他对典型意大利文艺复兴风格的探索。画中的人物表现出一种温和而亲切的感觉，马里亚穿着传统的蓝色斗篷和红色长袍，同时具有一种淡淡的忧郁感。这幅画以其精细的人物刻画和温馨的氛围而闻名', '这幅作品主题聚焦于宗教和家庭，描绘了马里亚和婴儿耶稣的温馨场景。原作中马里亚凝视的是一颗石榴，象征基督的热情和牺牲，但后来的版本中她则在阅读一本书。这种细微的变化反映了拉斐尔对作品情感深度的探索，以及对母子之间纯净无邪的爱的表达​', '这是拉斐尔艺术生涯的起始阶段，奠定了他对人物描绘和宗教画的深厚基础。', 'The Madonna Conestabile');
INSERT INTO `phases` VALUES (101, 32, '1504 - 1508', '佛罗伦萨时期', '在佛罗伦萨，拉斐尔受到达·芬奇、米开朗基罗和弗拉·巴托洛梅奥的影响。他的作品开始展现更加复杂的人物情感和更精细的构图技巧，同时也融入了更多的人文主义元素。', 'The Three Graces 由拉斐尔创作，完成于大约1504至1505年间。这幅画是拉斐尔青年时期的作品，体现了他早期对女性裸体的研究。画作中的三位女神分别代表了希腊神话中的美、创造力和生育力，拉斐尔将她们描绘成了三位互相拥抱的裸女。这幅作品可能是受到了古罗马雕塑或是费拉拉学派画风的启发', '《三美神》展现了拉斐尔对形式的综合处理和对精神表达的精细化，这在他后来的作品中得到了更广泛的应用。画中的三位女神姿态亲密，彼此依偎，手中各持一个苹果，这可能象征着来自赫斯珀里得斯花园的金苹果。画面背景采用了烟雾般的渲染技法，创造出淡淡的朦胧感，与达芬奇的《蒙娜丽莎》背景风格类似', '此作品以希腊神话中的三美神为主题，她们分别是阿格拉娅、欧弗洛辛和塔莉亚，代表着青春、欢乐和光辉。画作描绘了她们在草地上共舞的场景，象征着美丽和和谐的共存。这幅画不仅是拉斐尔对古典主题的一次探索，也显示了他对女性美的独到理解和表现', '这一时期拉斐尔的艺术成熟，他在这里完善了自己的风格，并明确展现了文艺复兴的理想美学。', 'The Three Graces');
INSERT INTO `phases` VALUES (102, 32, '1508 - 1520', '罗马高峰期', '拉斐尔在罗马的这一时期达到了艺术生涯的高峰。他受教皇朱利奥二世之命，在梵蒂冈的拉斐尔房间绘制壁画。这些作品展示了他对古典主义的完美掌握和对宗教与哲学主题的深入理解。', 'The School of Athens是由拉斐尔创作的壁画，完成于1509到1511年间。这幅壁画是教皇朱利叶斯二世委托拉斐尔在梵蒂冈的使徒宫进行装饰的一部分。它位于标志性的拉斐尔房间之一，斯坦泽拉房间，这个房间原本是教皇的私人图书室​', '此壁画展现了拉斐尔对空间构造的精湛掌握，通过建筑的透视和人物的精确布局，表达了哲学的严密逻辑。中心的柏拉图和亚里士多德形象，通过其手势和持书的姿态，象征他们的哲学思想。柏拉图指向天空，象征其形而上学的理念；亚里士多德手向地面，强调经验和实证的重要性', '《雅典学派》通过展示古希腊哲学家、数学家和科学家聚集在一起讨论的场景，体现了文艺复兴时期对古典知识的重新评价和尊重。这幅画不仅是对希腊哲学的一次视觉赞颂，也象征了知识和理性的力量', '这一阶段的作品展示了拉斐尔在艺术上的卓越成就，他不仅在绘画技巧上达到了高峰，同时在艺术表现和思想深度上也有显著提升，对后世的艺术发展产生了深远的影响。', 'The School of Athens');
INSERT INTO `phases` VALUES (103, 33, '1625 - 1631', '早期阶段', '这一时期的伦勃朗主要从事宗教和历史画的创作，作品风格受到其老师雅各布·范·斯旺宁的影响，显示出对光影和细节的敏感。', 'Two Old Men Disputing是由荷兰黄金时代的画家伦勃朗在1628年创作的。这幅画现藏于澳大利亚墨尔本的维多利亚国家美术馆。作为伦勃朗早期的作品，展示了他对日常生活场景和普通人物的兴趣和深刻描绘', '这幅作品是伦勃朗对老年和普通人物特征的一次深刻研究。画中两位老人，可能是圣彼得和圣保罗，被描绘为正在激烈讨论圣经中的某一点。伦勃朗通过明暗对比和光线处理增强了画面的戏剧性，光线聚焦在保罗的脸上，而彼得则处于较暗的环境中', '这幅画的主题可能涉及宗教讨论，尤其是在荷兰的新教背景下，彼得和保罗就圣经内容的讨论具有特定的神学意义。通过描绘这两位圣徒的互动，伦勃朗不仅表现了人物的情感和精神状态，还反映了当时社会对宗教对话的重视', '这是伦勃朗职业生涯的起始阶段，他在这一时期形成了自己对光影运用的独特技巧，并开始建立其作品中独特的情感表达。', 'Two Old Men Disputing');
INSERT INTO `phases` VALUES (104, 33, '1631 - 1642', '阿姆斯特丹初期', '移居阿姆斯特丹后，伦勃朗迅速成为当地最受欢迎的肖像画家。这一时期的作品以其深刻的人物刻画和复杂的光影效果著称。', 'The Night Watch 是由荷兰画家伦勃朗在1642年创作的。这幅画是为阿姆斯特丹的民兵队长Frans Banninck Cocq及其部队而作，原名为“Captain Frans Banninck Cocq and His Lieutenant Willem van Ruytenburgh Leading the Company Out”，后因油漆变暗而被误称为“夜巡”。画作首次被悬挂在阿姆斯特丹的Kloveniersdoelen，并在几个世纪中多次移动和修复', '这幅画以其巨大的尺寸和生动的场景动态著称，显示了民兵在队长命令下准备行动的一刻。画中的人物穿着时期服装，使用各种武器，组成了一个充满活力的集体肖像。伦勃朗利用光影效果和复杂的构图技巧，将这幅集体肖像变成了一个戏剧性的叙事场景', '《夜巡》不仅是一个关于领导和组织的主题作品，同时也展示了公民身份和社会责任的重要性。通过画中人物的互动和表情，伦勃朗传达了领导力和团队协作的主题。此外，画作中的光影处理和人物动作反映了个体在更大社会结构中的角色和活力', '这是伦勃朗职业生涯的黄金时期，他的画风完全成熟，肖像和历史画作品广受赞誉，对荷兰画坛产生了深远的影响。', 'The Nightwatch');
INSERT INTO `phases` VALUES (105, 33, '1642 - 1669', '晚期阶段', '晚年的伦勃朗面临个人经济困境和生活挑战，但他的艺术却达到了更深的哲理和情感深度。晚期作品更注重内省和人物的心理描写，风格更为自由和表现力强。', 'The Jewish Bride 由伦勃朗创作，约完成于1665至1669年间。这幅画原标题为《以撒与利百加》，后来被称为《犹太新娘》，这个名称始于19世纪初的一个误解，现被认为描绘的是一对夫妇的亲密场景，而非特定的犹太文化背景​', '画中男女主人公穿着豪华服装，女子身着红色长裙，脖子和手腕缀有珍珠。男子则身着金棕色衣物，他们的手势温柔，表现了深刻的情感交流和保护。伦勃朗的这幅作品使用丰富的地球色调，技艺上融合了细腻与粗犷的对比，显示出他晚期作品的特征', '这幅作品深刻表现了人物间的情感互动和心理状态。虽然具体人物身份仍有争议，画作通常被认为展现了一种普遍的、超越具体文化背景的人类关系和情感深度。这不仅是伦勃朗晚期作品的典型，也体现了他对人物心理描绘的深刻洞察', '虽然晚年伦勃朗遭遇个人困境，但他的作品在艺术表现上更加深刻和多元，晚期的自画像尤其显示了他对自我和人生的深刻反思，被认为是西方艺术史上最伟大的自画像之一。', 'The Jewish Bride');
INSERT INTO `phases` VALUES (106, 34, '1740年代 - 1750年代', '早期阶段', '在这一时期，盖恩斯伯勒的作品主要是风景画和乡村场景，以及一些早期的肖像作品。这些作品展示了他对荷兰风景画的学习和影响，具有明显的自然主义倾向。', 'Mr. and Mrs. Andrews 是由英国画家托马斯·盖恩斯伯勒于1750年左右创作的。这幅画描绘了一对年轻的夫妇，罗伯特·安德鲁斯先生和他的妻子弗朗西斯，在他们位于萨福克郡的庄园外。画作是盖恩斯伯勒早期最著名的作品之一，展示了他精湛的肖像画技巧和对自然景观的敏感捕捉', '这幅画结合了肖像画和风景画的元素，体现了18世纪英国画派的风格。盖恩斯伯勒在作品中使用了柔和的色调和细腻的笔触来描绘人物的服装和表情，同时，背景中细致的田园风光展现了他对光线和色彩的敏感运用', '《安德鲁斯夫妇》不仅仅是一幅肖像，还通过展现人物与自然环境的和谐相处，反映了18世纪英国社会的乡村田园生活理想。画中夫妇的互动和轻松的姿态，以及开阔的风景背景，共同传达了一种优雅和宁静的生活方式', '这是盖恩斯伯勒艺术生涯的起始阶段，他在这一时期奠定了自己作为风景画家的基础，并开始展示其肖像画技巧。', 'Mr. and Mrs. Andrews');
INSERT INTO `phases` VALUES (107, 34, '1759 - 1774', '巴斯时期', '在巴斯期间，盖恩斯伯勒的事业达到了一个新的高度，他成为了一名受欢迎的社会肖像画家。他的肖像画以其优雅和风格化的表现手法著称，同时他继续探索风景画。', 'The Blue Boy 是由英国画家托马斯·盖恩斯伯勒在1770年创作的。这幅画被认为是盖恩斯伯勒的代表作之一，描绘了一个年轻的贵族男孩穿着时尚的蓝色服装。画作展示了盖恩斯伯勒对服装细节的精细刻画和对青年贵族形象的理想化表现', '盖恩斯伯勒在《蓝色男孩》中运用了典型的洛可可风格，通过细腻的笔触和丰富的色彩层次表现出服装的华丽和质感。画中的蓝色服装和背景的自然风景相得益彰，展现了画家在光影处理上的高超技巧', '这幅画不仅仅是一幅肖像，还通过展现年轻贵族的优雅与自信表达了18世纪英国社会对于青年贵族理想化的社会期望。盖恩斯伯勒通过这幅作品传达了一种青春的活力和未来的希望', '这一时期标志着盖恩斯伯勒艺术风格的成熟，他在肖像画领域取得了显著的成功，深受当时上流社会的欢迎和尊敬。', 'The Blue Boy');
INSERT INTO `phases` VALUES (108, 34, '1774 - 1788', '伦敦晚期', '晚年的盖恩斯伯勒在肖像画中达到了艺术上的高峰，其作品更加注重表现人物的个性和情感。此外，他也继续创作风景画，展现了更加浪漫和表现力强的风格。', 'Wooded Landscape with Cattle by a Pool and a Cottage at Evening 是由托马斯·盖恩斯伯勒在1782年创作的油画作品。此画展示了盖恩斯伯勒深厚的自然描绘能力和对田园风光的热爱。作品中的风景描绘了一个宁静的晚间场景，展现出典型的英国乡村美景', '该作品体现了洛可可风格的特点，通过柔和的色调和精细的光影处理，创造出一种温馨和谐的氛围。画面中的牛群、乡村小屋和宽阔的天空共同构成了一幅富有诗意的画面。盖恩斯伯勒利用光影的变化精确地表现了自然景观的细节，增强了画面的深度和空间感', '此画不仅仅是对自然美景的再现，更是对乡村宁静生活的理想化表达。盖恩斯伯勒通过这幅作品传达了对自然和平静生活的向往，同时也反映了18世纪英国社会对田园诗般生活的追求和赞美', '在伦敦的最后几年，盖恩斯伯勒的作品显示了他在探索光影和色彩方面的持续创新。他的风景画特别强调了自然的动态感，而肖像画则更加深入地描绘了被画者的心理。', 'Wooded Landscape with Cattle by a Pool and a Cottage at Evening');
INSERT INTO `phases` VALUES (109, 35, '1814 - 1830', '早期阶段', '国芳的早期作品受到其师歌川豊国的影响，主要是学习和模仿豊国的风格。这一时期的作品主要包括传统的美人画和歌舞伎演员肖像。', 'Kuroda Ukinaga, Japanese actor 是由歌川国芳创作的浮世绘作品。国芳是日本江户时代后期著名的浮世绘艺术家，以其生动的戏剧性人物画和对历史故事的描绘而闻名。这幅作品描绘了日本演员黑田宇金永的肖像，展示了他在某个具体戏剧角色中的形象', '此作品典型地展现了国芳的艺术风格，特别是在色彩使用和人物表现上的独特性。作品中的色彩鲜艳，人物姿态夸张，充满戏剧性，这是浮世绘特有的表现手法。画中人物的服饰细节丰富，反映了当时的服装风格和社会文化', '《黑田宇金永，日本演员》通过描绘一位著名的戏剧演员，在表演中的姿态和表情，展现了日本传统歌舞伎剧的艺术魅力。这幅作品不仅仅是对演员肖像的再现，更是对日本戏剧文化的一种赞颂，体现了艺术家对传统文化的尊重和传承', '这是国芳技术基础的建立阶段，通过模仿和学习，他逐步掌握了浮世绘的基本技巧和表现方法。', 'Kuroda Ukinaga, Japanese actor');
INSERT INTO `phases` VALUES (110, 35, '1830 - 1850', '成熟阶段', '这一时期，国芳发展了自己独特的艺术风格，开始创作大量描绘历史战争和武士英雄的作品。他的画作以细腻的线条、丰富的色彩和充满动感的构图著称。', 'Animated Gourd 是由歌川国芳创作的浮世绘作品。国芳是19世纪日本著名的浮世绘艺术家，以其生动的表现和对传统日本故事的描绘而闻名。这幅作品展示了他对超自然主题的兴趣，结合了日本传统的民间故事与幻想元素', '作品中的风格显示了国芳的典型技巧，包括细致的线条工作和鲜明的色彩使用。\"Animated Gourd\" 特别展示了他如何通过复杂的图案和细节来表达动态和表情，给传统主题带来生动的视觉表现', '这幅画的主题探讨了自然与超自然的交织，体现了人们对自然界中隐藏力量的好奇和敬畏。通过赋予一个普通葫芦以生命和动态，国芳不仅展示了他的想象力，也反映了文化中对于自然和神秘的深层次尊重和欣赏', '这一阶段是国芳艺术生涯的黄金时期，他的作品深受大众欢迎，尤其是那些描绘民间传说和历史故事的系列作品，对后世浮世绘艺术家产生了深远影响。', 'Animated Gourd');
INSERT INTO `phases` VALUES (111, 35, '1850 - 1861', '晚期', '晚期的国芳作品开始探索新的题材和表现方式，包括自然风景和动物，同时继续维持他在武士和历史题材上的成就。', 'Animated Gourd 是由歌川国芳创作的浮世绘作品。国芳是19世纪日本著名的浮世绘艺术家，以其生动的表现和对传统日本故事的描绘而闻名。这幅作品展示了他对超自然主题的兴趣，结合了日本传统的民间故事与幻想元素', '作品中的风格显示了国芳的典型技巧，包括细致的线条工作和鲜明的色彩使用。\"Animated Gourd\" 特别展示了他如何通过复杂的图案和细节来表达动态和表情，给传统主题带来生动的视觉表现', '这幅画的主题探讨了自然与超自然的交织，体现了人们对自然界中隐藏力量的好奇和敬畏。通过赋予一个普通葫芦以生命和动态，国芳不仅展示了他的想象力，也反映了文化中对于自然和神秘的深层次尊重和欣赏', '晚期的国芳在继续保持传统浮世绘风格的同时，也尝试了更多创新和实验，展现了其艺术表现的多样性和深度。', 'Animated Gourd');
INSERT INTO `phases` VALUES (112, 36, '1880 - 1885', '早期阶段', '这一时期的梵高主要受到现实主义影响，作品多关注农民的生活和苦难。他的画作色调较暗，笔触厚重，表现出对贫苦人民深刻的同情。', 'The Potato Eaters 是文森特·威廉·梵高的早期作品，完成于1885年。这幅画描绘了一群贫穷的农民在吃晚饭，是梵高试图捕捉农村生活的真实性的尝试。他对这幅画非常满意，尽管它在当时受到了批评，主要是因为颜色阴暗和形象处理上的“错误”。梵高希望通过这幅作品表达出对农民辛苦生活的尊重和同情', '这幅作品色彩主要以土黄色和暗褐色调为主，营造出一种压抑的氛围，反映出农民生活的艰辛。梵高在这幅画中采用了粗犷的画风和夸张的人物比例，增强了画面的表现力。这些特点预示了他后期作品中更为激烈和动感的风格', '\"The Potato Eaters\" 主题聚焦于贫困和辛劳，强调了人们为生存而进行的基本斗争。梵高通过对这些农民简朴生活的描绘，传达了一种对生活苦难的深刻理解和对人性的深刻洞察', '这是梵高艺术生涯的起始阶段，他在这一阶段奠定了深厚的绘画基础，并形成了对社会底层人物的关注。', 'The Potato Eaters');
INSERT INTO `phases` VALUES (113, 36, '1886 - 1888', '巴黎阶段', '在巴黎期间，梵高接触了印象派和新印象派画家，如高更、塞尚等。受这些影响，他开始使用更加明亮的色彩和更自由的笔触，作品风格逐渐向后印象派转变。', 'Starry Night Over the Rhone 是梵高于1888年在法国阿尔勒创作的。这幅画是在梵高的黄金时期之一，当他生活在阿尔勒并极度投入于他的艺术创作。这幅夜景描绘了罗纳河畔的夜晚，反映了梵高对夜晚天空的深刻感受与独特见解', '这幅作品以其强烈的色彩和动态的刷法著称，展示了夜空和水面的光泽效果。梵高使用了丰富的蓝色和黄色调，通过光与暗的对比来增强视觉冲击力。他的笔触既大胆又自由，使画面呈现出动感和节奏感', '\"Starry Night Over the Rhone\" 不仅仅是对自然景观的再现，更是对梵高内心世界的表达。通过星空和河流的描绘，梵高探索了宁静与动荡之间的张力，以及人类在宇宙中的位置', '这一时期标志着梵高风格的重大转变，他开始实验并发展自己独特的视觉语言和色彩运用。', 'Starry Night Over the Rhone');
INSERT INTO `phases` VALUES (114, 36, '1888 - 1889', '阿尔勒阶段', '梵高在阿尔勒的这段时间是他创作生涯中最为高产和创新的阶段。他的画作色彩鲜艳，光线明亮，笔触自由奔放，强烈表达了他的情感和心理状态。', 'The Starry Night 是梵高于1889年在法国圣雷米的精神病院创作的。这幅画描绘了从他的病房窗外看到的景象，加上一些想象的元素。这是梵高最著名的作品之一，也是他在精神状态极其动荡的时期创作的', '这幅画以其旋转的星空和充满活力的蓝色调著称，展示了梵高特有的表现主义风格。画面上的星星和夜空呈现出涡旋状，而村庄则相对平静、有序，创造了一种动静对比强烈的视觉效果', '\"The Starry Night\" 不仅仅是对夜晚景象的描绘，更深层地表达了梵高对宇宙的感受以及对存在的思考。夜空中的星星和旋转的云彰显了一种超越现实的永恒感，反映了梵高内心世界的风暴', '阿尔勒时期的作品是梵高艺术风格的高峰，这些作品后来成为他最为人所知和最受欢迎的作品。', 'The Starry Night');
INSERT INTO `phases` VALUES (115, 36, '1889 - 1890', '圣雷米和奥弗尔阶段', '在这一时期，梵高的健康状况恶化，但他仍然保持高产，作品中展现了更加动荡的情感和扭曲的形象。', 'Wheatfield with Crows 是文森特·梵高于1890年创作的最后一批作品之一，经常被认为是他的遗作。这幅画描绘了一个麦田，上空飞翔着乌鸦，背景是动荡的天空，这是梵高在生命的最后阶段对他的情感状态和心理困扰的深刻反映', '此作品突出显示了梵高典型的表现主义风格，通过强烈的色彩对比和有力的画笔触感来表达情感的紧张和不安。鲜艳的蓝色和黑色乌鸦在金黄色麦田上形成强烈对比，增强了画面的戏剧性', '\"Wheatfield with Crows\" 通过展示天空与大地间的紧张对话，探讨了生与死、和平与冲突的主题。乌鸦通常被视为不祥之兆，这可能象征着梵高对自己命运的感知，同时反映了他内心的孤独和绝望', '尽管健康和精神状况不佳，梵高在这一时期的作品仍展现了深刻的艺术洞察力和创造力，他的作品对后世的现代艺术产生了深远的影响。', 'Wheatfield with Crows');
INSERT INTO `phases` VALUES (116, 37, '1900 - 1911', '早期阶段', '这一阶段的康定斯基受到印象派和表现主义的影响，作品风格从具象逐渐向抽象转变。他开始探索色彩的情感表达力和象征意义，尝试通过色彩和形式来传达内在的声音。', 'Wassily Kandinsky的《Blue Rider》创作于1911年，这是他向抽象艺术过渡的关键时期。这幅作品也是他与弗朗茨·马尔克共同创立的艺术团体“蓝骑士”的象征，这一团体聚集了一批追求表现主义和抽象艺术的艺术家', '《Blue Rider》展示了Kandinsky早期的表现主义风格，使用鲜明、动感的色彩和形式来传达艺术家的情感和音乐感。画中的蓝色骑士象征着向自由和精神世界的追求，而抽象的元素预示了他后期作品的风格', '此作品的主题强调内在情感的表达和对抽象美学的探索。Kandinsky相信颜色和形状能直接影响观者的灵魂，他通过《Blue Rider》探讨艺术与音乐、色彩与情感之间的深层联系', '这一时期康定斯基的探索为后来的全抽象艺术打下了基础。他与同僚成立了表现主义艺术团体“蓝骑士”，促进了对抽象艺术的探讨和实践。', 'Blue rider');
INSERT INTO `phases` VALUES (117, 37, '1911 - 1921', '抽象艺术的形成阶段', '在这一时期，康定斯基创作了他的第一幅完全抽象的作品，彻底抛弃了具象形式，转而使用自由的几何形状、线条和色块来表达内心世界。', 'Wassily Kandinsky创作《Composition VI》于1913年，这是他抽象艺术创作的重要作品之一。这幅画的创作过程长达六个月，Kandinsky试图通过这幅画来表达洪水引发的浩劫和最终的精神重生', '《Composition VI》体现了Kandinsky的非客观主义理念，运用动态的形式和色彩混合，创造一种视觉上的情感冲击。画作中的色彩大胆丰富，形式上的混乱与交错反映了画家对内心世界的探索', '该作品主题围绕灾难后的重生和精神转化展开。Kandinsky通过抽象的形式和符号，试图传达灵魂的深层次净化过程，以及通过艺术达到精神上的救赎和和解', '这是康定斯基艺术理念成熟的阶段。他的作品开始关注形式与色彩的内在关系，并探索音乐与绘画之间的相互影响，进一步发展了他的艺术理论——“精神上的在艺术中”。', 'Composition VI');
INSERT INTO `phases` VALUES (118, 37, '1922 - 1933', '巴豪斯时期', '在巴豪斯期间，康定斯基继续探索抽象艺术，将其理论体系化。他的作品更注重几何形状的平衡和色彩的动态关系。', 'Wassily Kandinsky创作《Several Circles》于1926年，此时他已是德国包豪斯学派的重要成员。这一时期的Kandinsky致力于更深入的抽象表达，通过简洁的形式和符号探索艺术的精神性', '《Several Circles》展现了Kandinsky对形式和色彩的精细操控。画面以多个相互重叠的圆形为中心，通过不同大小和色彩的圆形，创造出动态而和谐的视觉效果。这些圆形象征着宇宙和存在的完整性', '此作品的主题侧重于表达宇宙的和谐与秩序。Kandinsky认为圆形是完美的几何形状，代表着无限和绝对。通过这些交织的圆圈，他探讨了生命、能量和精神层面的连接', '这一阶段康定斯基的教学活动和理论著述，如《点和线面》对抽象艺术的发展产生了重要影响，形成了一套完整的现代艺术教育理念和实践方法。', 'Several Circles');
INSERT INTO `phases` VALUES (119, 37, '1934 - 1944', '晚期', '晚年的康定斯基作品中，形式和色彩变得更加自由和生动，展示了他对抽象艺术表达的持续探索。', '《Complex Simple》由Wassily Kandinsky创作，尽管没有确切的创作年份记录，此作品归属于他晚期的创作阶段，当时他已经深入探索抽象艺术和形式的简化。此时期的Kandinsky作品反映了他对抽象艺术理念的成熟和深化，特别是在他的教学和理论作品中体现出来', '《Complex Simple》体现了Kandinsky对形式与色彩之间关系的深刻理解，通过简化的形式和鲜明的色块来表达复杂的主题和情感。这幅画展现了他标志性的使用大胆色彩和动态线条，以传达音乐的节奏感和内在的动态', '这幅作品的主题探讨了复杂与简单之间的张力，以及如何通过简化的视觉元素来表达深层的情感和思想。Kandinsky试图通过画面上的视觉简洁性达到一种精神上的复杂性和多维度的感受，反映了他对艺术作为感知和表达工具的看法', '晚期作品显示了康定斯基艺术理念的进一步发展，他继续在抽象艺术领域进行创新，对未来艺术风格的发展产生了深远影响。', 'Complex Simple');

-- ----------------------------
-- Table structure for users
-- ----------------------------
DROP TABLE IF EXISTS `users`;
CREATE TABLE `users`  (
  `id` int UNSIGNED NOT NULL AUTO_INCREMENT,
  `username` varchar(255) CHARACTER SET utf8mb3 COLLATE utf8mb3_general_ci NOT NULL COMMENT '用户名',
  `password` varchar(255) CHARACTER SET utf8mb3 COLLATE utf8mb3_general_ci NOT NULL DEFAULT '' COMMENT '密码',
  `cellphone` varchar(45) CHARACTER SET utf8mb3 COLLATE utf8mb3_general_ci NULL DEFAULT NULL COMMENT '手机',
  `email` varchar(255) CHARACTER SET utf8mb3 COLLATE utf8mb3_general_ci NULL DEFAULT NULL COMMENT '邮箱',
  `email_verified_at` datetime NULL DEFAULT NULL COMMENT '邮箱验证时间',
  `state` varchar(50) CHARACTER SET utf8mb3 COLLATE utf8mb3_general_ci NOT NULL DEFAULT 'enabled' COMMENT '状态 enabled disabled',
  `nickname` varchar(255) CHARACTER SET utf8mb3 COLLATE utf8mb3_general_ci NOT NULL DEFAULT '' COMMENT '昵称',
  `gender` varchar(10) CHARACTER SET utf8mb3 COLLATE utf8mb3_general_ci NOT NULL DEFAULT 'unknown' COMMENT '性别 male，female',
  `avatar` varchar(255) CHARACTER SET utf8mb3 COLLATE utf8mb3_general_ci NOT NULL DEFAULT '' COMMENT '头像',
  `created_at` datetime NOT NULL DEFAULT CURRENT_TIMESTAMP COMMENT '创建时间',
  `updated_at` datetime NOT NULL DEFAULT CURRENT_TIMESTAMP ON UPDATE CURRENT_TIMESTAMP COMMENT '更新时间',
  PRIMARY KEY (`id`) USING BTREE,
  UNIQUE INDEX `udx_username`(`username` ASC) USING BTREE,
  UNIQUE INDEX `udx_cellphone`(`cellphone` ASC) USING BTREE,
  UNIQUE INDEX `udx_email`(`email` ASC) USING BTREE
) ENGINE = InnoDB AUTO_INCREMENT = 7 CHARACTER SET = utf8mb4 COLLATE = utf8mb4_0900_ai_ci ROW_FORMAT = Dynamic;

-- ----------------------------
-- Records of users
-- ----------------------------
INSERT INTO `users` VALUES (1, 'fake_user1', '$2b$12$qn3Hjh8zCfYsSnbqHBq63eXjaTwWs4r/SH3yLycDAOTFUi80em6Ju', NULL, NULL, NULL, 'enabled', '', 'unknown', '', '2024-10-12 11:37:51', '2024-10-12 11:37:51');
INSERT INTO `users` VALUES (3, 'fake_user_by_db_test_1', '$2b$12$aLNOqgrEqLDjn7mepUNMi.0iizaT0yJaT9Q/eN0ouqZhO8FLVCg66', NULL, NULL, NULL, 'enabled', '', 'unknown', '', '2024-10-12 13:01:33', '2024-10-12 13:01:33');
INSERT INTO `users` VALUES (5, 'fake_user2', '$2b$12$9FW0zlmBMmyq21KCFUgf9enhkqV9MsV5YT6qEayWiZRORBQIoslYu', NULL, NULL, NULL, 'enabled', '', 'unknown', '', '2024-10-12 13:30:58', '2024-10-12 13:30:58');
INSERT INTO `users` VALUES (6, 'srcp_j2tH5C6Jhu8bowYn', '$2b$12$hgSmmXf326U5LBd1jQqsgOVLUmwc6lEMhfl8GNdS5CbZK18P.VDO2', '18903718023', NULL, NULL, 'enabled', '', 'unknown', '', '2024-10-14 13:57:37', '2024-10-14 13:57:37');

SET FOREIGN_KEY_CHECKS = 1;
